{"v":"5.5.7","meta":{"g":"LottieFiles AE 0.1.20","a":"","k":"","d":"","tc":""},"fr":23.8280029296875,"ip":0,"op":95.0000116803892,"w":904,"h":720,"nm":"Bono 404","ddd":0,"assets":[{"id":"comp_0","layers":[{"ddd":0,"ind":1,"ty":0,"nm":"Pre-comp 3","refId":"comp_1","sr":1,"ks":{"o":{"a":0,"k":100,"ix":11},"r":{"a":0,"k":0,"ix":10},"p":{"a":0,"k":[640,360,0],"ix":2},"a":{"a":0,"k":[640,360,0],"ix":1},"s":{"a":0,"k":[100,100,100],"ix":6}},"ao":0,"hasMask":true,"masksProperties":[{"inv":false,"mode":"a","pt":{"a":0,"k":{"i":[[0,0.975],[0,0],[-24,-7.802],[-26,22.43],[-16,-9.752],[-28.448,27.978]],"o":[[0,-0.975],[0,0],[24,7.802],[26,-22.43],[16,9.752],[26,-25.57]],"v":[[810,388.975],[462,408.38],[485,486.372],[610,463.893],[676,428.736],[786,473.57]],"c":true},"ix":1},"o":{"a":0,"k":100,"ix":3},"x":{"a":0,"k":0,"ix":4},"nm":"Mask 2"}],"w":1280,"h":720,"ip":0,"op":95.0000116803892,"st":0,"bm":0},{"ddd":0,"ind":2,"ty":0,"nm":"Pre-comp 3","refId":"comp_1","sr":1,"ks":{"o":{"a":0,"k":100,"ix":11},"r":{"a":0,"k":0,"ix":10},"p":{"a":0,"k":[640,360,0],"ix":2},"a":{"a":0,"k":[640,360,0],"ix":1},"s":{"a":0,"k":[100,100,100],"ix":6}},"ao":0,"hasMask":true,"masksProperties":[{"inv":false,"mode":"a","pt":{"a":0,"k":{"i":[[0,0.975],[0,0],[-24,-7.802],[-26,22.43],[-16,-9.752],[-28.448,27.978]],"o":[[0,-0.975],[0,0],[24,7.802],[26,-22.43],[16,9.752],[26,-25.57]],"v":[[810,388.975],[462,408.38],[485,486.372],[610,463.893],[676,428.736],[786,473.57]],"c":true},"ix":1},"o":{"a":0,"k":100,"ix":3},"x":{"a":0,"k":0,"ix":4},"nm":"Mask 2"}],"w":1280,"h":720,"ip":8.00000098361172,"op":98.0000120492435,"st":8.00000098361172,"bm":0},{"ddd":0,"ind":3,"ty":4,"nm":"Shape Layer 3","parent":13,"sr":1,"ks":{"o":{"a":0,"k":100,"ix":11},"r":{"a":0,"k":0,"ix":10},"p":{"a":0,"k":[-72.847,24.667,0],"ix":2},"a":{"a":0,"k":[0,0,0],"ix":1},"s":{"a":0,"k":[100,65.7,100],"ix":6}},"ao":0,"shapes":[{"ty":"gr","it":[{"ind":0,"ty":"sh","ix":1,"ks":{"a":0,"k":{"i":[[-6,-3],[0,0]],"o":[[6,3],[0,0]],"v":[[-1,207],[15.5,214.5]],"c":false},"ix":2},"nm":"Path 1","mn":"ADBE Vector Shape - Group","hd":false},{"ty":"st","c":{"a":0,"k":[0.941176530427,0.941176530427,0.941176530427,1],"ix":3},"o":{"a":0,"k":100,"ix":4},"w":{"a":0,"k":5,"ix":5},"lc":1,"lj":1,"ml":4,"bm":0,"nm":"Stroke 1","mn":"ADBE Vector Graphic - Stroke","hd":false},{"ty":"fl","c":{"a":0,"k":[0.22663900338,0.22663900338,0.22663900338,1],"ix":4},"o":{"a":0,"k":62,"ix":5},"r":1,"bm":0,"nm":"Fill 1","mn":"ADBE Vector Graphic - Fill","hd":false},{"ty":"tr","p":{"a":0,"k":[0,0],"ix":2},"a":{"a":0,"k":[0,0],"ix":1},"s":{"a":0,"k":[100,100],"ix":3},"r":{"a":0,"k":0,"ix":6},"o":{"a":0,"k":100,"ix":7},"sk":{"a":0,"k":0,"ix":4},"sa":{"a":0,"k":0,"ix":5},"nm":"Transform"}],"nm":"Shape 1","np":3,"cix":2,"bm":0,"ix":1,"mn":"ADBE Vector Group","hd":false}],"ip":0,"op":98.0000120492435,"st":0,"bm":0},{"ddd":0,"ind":4,"ty":4,"nm":"Shape Layer 2","parent":13,"sr":1,"ks":{"o":{"a":0,"k":100,"ix":11},"r":{"a":0,"k":0,"ix":10},"p":{"a":0,"k":[-36.347,24.667,0],"ix":2},"a":{"a":0,"k":[0,0,0],"ix":1},"s":{"a":0,"k":[105.263,100.955,100],"ix":6}},"ao":0,"shapes":[{"ty":"gr","it":[{"ind":0,"ty":"sh","ix":1,"ks":{"a":0,"k":{"i":[[0,0],[-12,1]],"o":[[0,0],[12,-1]],"v":[[1,157],[19,153]],"c":false},"ix":2},"nm":"Path 1","mn":"ADBE Vector Shape - Group","hd":false},{"ty":"st","c":{"a":0,"k":[0.941176530427,0.941176530427,0.941176530427,1],"ix":3},"o":{"a":0,"k":100,"ix":4},"w":{"a":0,"k":5,"ix":5},"lc":1,"lj":1,"ml":4,"bm":0,"nm":"Stroke 1","mn":"ADBE Vector Graphic - Stroke","hd":false},{"ty":"fl","c":{"a":0,"k":[0.22663900338,0.22663900338,0.22663900338,1],"ix":4},"o":{"a":0,"k":62,"ix":5},"r":1,"bm":0,"nm":"Fill 1","mn":"ADBE Vector Graphic - Fill","hd":false},{"ty":"tr","p":{"a":0,"k":[0,0],"ix":2},"a":{"a":0,"k":[0,0],"ix":1},"s":{"a":0,"k":[100,100],"ix":3},"r":{"a":0,"k":0,"ix":6},"o":{"a":0,"k":100,"ix":7},"sk":{"a":0,"k":0,"ix":4},"sa":{"a":0,"k":0,"ix":5},"nm":"Transform"}],"nm":"Shape 1","np":3,"cix":2,"bm":0,"ix":1,"mn":"ADBE Vector Group","hd":false}],"ip":0,"op":98.0000120492435,"st":0,"bm":0},{"ddd":0,"ind":5,"ty":4,"nm":"Shape Layer 1","parent":13,"sr":1,"ks":{"o":{"a":0,"k":100,"ix":11},"r":{"a":0,"k":0,"ix":10},"p":{"a":0,"k":[-72.847,24.667,0],"ix":2},"a":{"a":0,"k":[0,0,0],"ix":1},"s":{"a":0,"k":[100,100,100],"ix":6}},"ao":0,"shapes":[{"ty":"gr","it":[{"ind":0,"ty":"sh","ix":1,"ks":{"a":0,"k":{"i":[[0,0],[-12,1]],"o":[[0,0],[12,-1]],"v":[[1,157],[19,153]],"c":false},"ix":2},"nm":"Path 1","mn":"ADBE Vector Shape - Group","hd":false},{"ty":"st","c":{"a":0,"k":[0.941176530427,0.941176530427,0.941176530427,1],"ix":3},"o":{"a":0,"k":100,"ix":4},"w":{"a":0,"k":5,"ix":5},"lc":1,"lj":1,"ml":4,"bm":0,"nm":"Stroke 1","mn":"ADBE Vector Graphic - Stroke","hd":false},{"ty":"fl","c":{"a":0,"k":[0.22663900338,0.22663900338,0.22663900338,1],"ix":4},"o":{"a":0,"k":62,"ix":5},"r":1,"bm":0,"nm":"Fill 1","mn":"ADBE Vector Graphic - Fill","hd":false},{"ty":"tr","p":{"a":0,"k":[0,0],"ix":2},"a":{"a":0,"k":[0,0],"ix":1},"s":{"a":0,"k":[100,100],"ix":3},"r":{"a":0,"k":0,"ix":6},"o":{"a":0,"k":100,"ix":7},"sk":{"a":0,"k":0,"ix":4},"sa":{"a":0,"k":0,"ix":5},"nm":"Transform"}],"nm":"Shape 1","np":3,"cix":2,"bm":0,"ix":1,"mn":"ADBE Vector Group","hd":false}],"ip":0,"op":98.0000120492435,"st":0,"bm":0},{"ddd":0,"ind":6,"ty":4,"nm":"barba","parent":13,"sr":1,"ks":{"o":{"a":0,"k":100,"ix":11},"r":{"a":0,"k":0,"ix":10},"p":{"a":0,"k":[0,0,0],"ix":2},"a":{"a":0,"k":[0,0,0],"ix":1},"s":{"a":0,"k":[127.368,100,100],"ix":6}},"ao":0,"shapes":[{"ty":"gr","it":[{"ind":0,"ty":"sh","ix":1,"ks":{"a":0,"k":{"i":[[0,0],[3.5,-3.5]],"o":[[0,0],[-3.5,3.5]],"v":[[31.138,187.123],[23.138,200.623]],"c":false},"ix":2},"nm":"Path 1","mn":"ADBE Vector Shape - Group","hd":false},{"ty":"st","c":{"a":0,"k":[0.93996629902,0.93996629902,0.93996629902,1],"ix":3},"o":{"a":0,"k":100,"ix":4},"w":{"a":0,"k":5,"ix":5},"lc":1,"lj":1,"ml":4,"bm":0,"nm":"Stroke 1","mn":"ADBE Vector Graphic - Stroke","hd":false},{"ty":"fl","c":{"a":0,"k":[0.226639093137,0.226639093137,0.226639093137,1],"ix":4},"o":{"a":0,"k":79,"ix":5},"r":1,"bm":0,"nm":"Fill 1","mn":"ADBE Vector Graphic - Fill","hd":false},{"ty":"tr","p":{"a":0,"k":[0,0],"ix":2},"a":{"a":0,"k":[0,0],"ix":1},"s":{"a":0,"k":[100,100],"ix":3},"r":{"a":0,"k":0,"ix":6},"o":{"a":0,"k":100,"ix":7},"sk":{"a":0,"k":0,"ix":4},"sa":{"a":0,"k":0,"ix":5},"nm":"Transform"}],"nm":"Shape 4","np":3,"cix":2,"bm":0,"ix":1,"mn":"ADBE Vector Group","hd":false},{"ty":"gr","it":[{"ind":0,"ty":"sh","ix":1,"ks":{"a":0,"k":{"i":[[0,0],[1.5,-4.5]],"o":[[0,0],[-1.5,4.5]],"v":[[76.5,160],[81,173.75]],"c":false},"ix":2},"nm":"Path 1","mn":"ADBE Vector Shape - Group","hd":false},{"ind":1,"ty":"sh","ix":2,"ks":{"a":0,"k":{"i":[[0,0],[1.5,-4.5]],"o":[[0,0],[-1.5,4.5]],"v":[[37,202],[41.5,215.75]],"c":false},"ix":2},"nm":"Path 2","mn":"ADBE Vector Shape - Group","hd":false},{"ind":2,"ty":"sh","ix":3,"ks":{"a":0,"k":{"i":[[0,0],[1.5,-4.5]],"o":[[0,0],[-1.5,4.5]],"v":[[62.5,178],[67,191.75]],"c":false},"ix":2},"nm":"Path 3","mn":"ADBE Vector Shape - Group","hd":false},{"ty":"st","c":{"a":0,"k":[0.93996629902,0.93996629902,0.93996629902,1],"ix":3},"o":{"a":0,"k":100,"ix":4},"w":{"a":0,"k":10,"ix":5},"lc":1,"lj":1,"ml":4,"bm":0,"nm":"Stroke 1","mn":"ADBE Vector Graphic - Stroke","hd":false},{"ty":"fl","c":{"a":0,"k":[0.226639093137,0.226639093137,0.226639093137,1],"ix":4},"o":{"a":0,"k":79,"ix":5},"r":1,"bm":0,"nm":"Fill 1","mn":"ADBE Vector Graphic - Fill","hd":false},{"ty":"tr","p":{"a":0,"k":[0,0],"ix":2},"a":{"a":0,"k":[0,0],"ix":1},"s":{"a":0,"k":[100,100],"ix":3},"r":{"a":0,"k":0,"ix":6},"o":{"a":0,"k":100,"ix":7},"sk":{"a":0,"k":0,"ix":4},"sa":{"a":0,"k":0,"ix":5},"nm":"Transform"}],"nm":"Shape 3","np":5,"cix":2,"bm":0,"ix":2,"mn":"ADBE Vector Group","hd":false},{"ty":"gr","it":[{"ind":0,"ty":"sh","ix":1,"ks":{"a":0,"k":{"i":[[0,0],[1,-5.5]],"o":[[0,0],[-1,5.5]],"v":[[-22.5,166.5],[-28.5,174.5]],"c":false},"ix":2},"nm":"Path 1","mn":"ADBE Vector Shape - Group","hd":false},{"ind":1,"ty":"sh","ix":2,"ks":{"a":0,"k":{"i":[[0,0],[1,-5.5]],"o":[[0,0],[-1,5.5]],"v":[[-18.5,208.5],[-24.5,216.5]],"c":false},"ix":2},"nm":"Path 2","mn":"ADBE Vector Shape - Group","hd":false},{"ty":"st","c":{"a":0,"k":[0.93996629902,0.93996629902,0.93996629902,1],"ix":3},"o":{"a":0,"k":100,"ix":4},"w":{"a":0,"k":10,"ix":5},"lc":1,"lj":1,"ml":4,"bm":0,"nm":"Stroke 1","mn":"ADBE Vector Graphic - Stroke","hd":false},{"ty":"fl","c":{"a":0,"k":[0.226639093137,0.226639093137,0.226639093137,1],"ix":4},"o":{"a":0,"k":79,"ix":5},"r":1,"bm":0,"nm":"Fill 1","mn":"ADBE Vector Graphic - Fill","hd":false},{"ty":"tr","p":{"a":0,"k":[0,0],"ix":2},"a":{"a":0,"k":[0,0],"ix":1},"s":{"a":0,"k":[100,100],"ix":3},"r":{"a":0,"k":0,"ix":6},"o":{"a":0,"k":100,"ix":7},"sk":{"a":0,"k":0,"ix":4},"sa":{"a":0,"k":0,"ix":5},"nm":"Transform"}],"nm":"Shape 2","np":4,"cix":2,"bm":0,"ix":3,"mn":"ADBE Vector Group","hd":false},{"ty":"gr","it":[{"ind":0,"ty":"sh","ix":1,"ks":{"a":0,"k":{"i":[[0,0],[-4,-3.5]],"o":[[0,0],[4,3.5]],"v":[[-47.5,189],[-41.5,202]],"c":false},"ix":2},"nm":"Path 1","mn":"ADBE Vector Shape - Group","hd":false},{"ty":"st","c":{"a":0,"k":[0.93996629902,0.93996629902,0.93996629902,1],"ix":3},"o":{"a":0,"k":100,"ix":4},"w":{"a":0,"k":10,"ix":5},"lc":1,"lj":1,"ml":4,"bm":0,"nm":"Stroke 1","mn":"ADBE Vector Graphic - Stroke","hd":false},{"ty":"fl","c":{"a":0,"k":[0.226639093137,0.226639093137,0.226639093137,1],"ix":4},"o":{"a":0,"k":79,"ix":5},"r":1,"bm":0,"nm":"Fill 1","mn":"ADBE Vector Graphic - Fill","hd":false},{"ty":"tr","p":{"a":0,"k":[0,0],"ix":2},"a":{"a":0,"k":[0,0],"ix":1},"s":{"a":0,"k":[100,100],"ix":3},"r":{"a":0,"k":0,"ix":6},"o":{"a":0,"k":100,"ix":7},"sk":{"a":0,"k":0,"ix":4},"sa":{"a":0,"k":0,"ix":5},"nm":"Transform"}],"nm":"Shape 1","np":3,"cix":2,"bm":0,"ix":4,"mn":"ADBE Vector Group","hd":false}],"ip":0,"op":98.0000120492435,"st":0,"bm":0},{"ddd":0,"ind":7,"ty":4,"nm":"boca","parent":13,"sr":1,"ks":{"o":{"a":0,"k":100,"ix":11},"r":{"a":0,"k":0,"ix":10},"p":{"a":0,"k":[0,0,0],"ix":2},"a":{"a":0,"k":[0,0,0],"ix":1},"s":{"a":0,"k":[100,100,100],"ix":6}},"ao":0,"shapes":[{"ty":"gr","it":[{"ind":0,"ty":"sh","ix":1,"ks":{"a":0,"k":{"i":[[0,0],[-18,-4]],"o":[[0,0],[18,4]],"v":[[-10,180],[48,172]],"c":false},"ix":2},"nm":"Path 1","mn":"ADBE Vector Shape - Group","hd":false},{"ty":"st","c":{"a":0,"k":[0.271231617647,0.271231617647,0.271231617647,1],"ix":3},"o":{"a":0,"k":100,"ix":4},"w":{"a":0,"k":10,"ix":5},"lc":1,"lj":1,"ml":4,"bm":0,"nm":"Stroke 1","mn":"ADBE Vector Graphic - Stroke","hd":false},{"ty":"fl","c":{"a":0,"k":[0.107727267695,0.229531591079,0.438786764706,1],"ix":4},"o":{"a":0,"k":79,"ix":5},"r":1,"bm":0,"nm":"Fill 1","mn":"ADBE Vector Graphic - Fill","hd":false},{"ty":"tr","p":{"a":0,"k":[0,0],"ix":2},"a":{"a":0,"k":[0,0],"ix":1},"s":{"a":0,"k":[100,100],"ix":3},"r":{"a":0,"k":0,"ix":6},"o":{"a":0,"k":100,"ix":7},"sk":{"a":0,"k":0,"ix":4},"sa":{"a":0,"k":0,"ix":5},"nm":"Transform"}],"nm":"Shape 1","np":3,"cix":2,"bm":0,"ix":1,"mn":"ADBE Vector Group","hd":false}],"ip":0,"op":98.0000120492435,"st":0,"bm":0},{"ddd":0,"ind":8,"ty":4,"nm":"ojo der","parent":13,"sr":1,"ks":{"o":{"a":0,"k":100,"ix":11},"r":{"a":0,"k":0,"ix":10},"p":{"a":0,"k":[175,-9,0],"ix":2},"a":{"a":0,"k":[0,0,0],"ix":1},"s":{"a":0,"k":[99.455,101.546,100],"ix":6}},"ao":0,"shapes":[{"ty":"gr","it":[{"d":1,"ty":"el","s":{"a":0,"k":[11.289,12.34],"ix":2},"p":{"a":0,"k":[0,0],"ix":3},"nm":"Ellipse Path 1","mn":"ADBE Vector Shape - Ellipse","hd":false},{"ty":"st","c":{"a":0,"k":[0.93996629902,0.93996629902,0.93996629902,1],"ix":3},"o":{"a":0,"k":100,"ix":4},"w":{"a":0,"k":10,"ix":5},"lc":1,"lj":1,"ml":4,"bm":0,"nm":"Stroke 1","mn":"ADBE Vector Graphic - Stroke","hd":false},{"ty":"fl","c":{"a":0,"k":[0.226639093137,0.226639093137,0.226639093137,1],"ix":4},"o":{"a":0,"k":79,"ix":5},"r":1,"bm":0,"nm":"Fill 1","mn":"ADBE Vector Graphic - Fill","hd":false},{"ty":"tr","p":{"a":0,"k":[-84.355,72.17],"ix":2},"a":{"a":0,"k":[0,0],"ix":1},"s":{"a":0,"k":[100,100],"ix":3},"r":{"a":0,"k":0,"ix":6},"o":{"a":0,"k":100,"ix":7},"sk":{"a":0,"k":0,"ix":4},"sa":{"a":0,"k":0,"ix":5},"nm":"Transform"}],"nm":"Ellipse 1","np":3,"cix":2,"bm":0,"ix":1,"mn":"ADBE Vector Group","hd":false},{"ty":"gr","it":[{"ind":0,"ty":"sh","ix":1,"ks":{"a":0,"k":{"i":[[0,0],[-24,-13]],"o":[[0,0],[24,13]],"v":[[-108,72],[-55,70]],"c":false},"ix":2},"nm":"Path 1","mn":"ADBE Vector Shape - Group","hd":false},{"ty":"st","c":{"a":0,"k":[0.93996629902,0.93996629902,0.93996629902,1],"ix":3},"o":{"a":0,"k":100,"ix":4},"w":{"a":0,"k":10,"ix":5},"lc":1,"lj":1,"ml":4,"bm":0,"nm":"Stroke 1","mn":"ADBE Vector Graphic - Stroke","hd":false},{"ty":"fl","c":{"a":0,"k":[0.226639093137,0.226639093137,0.226639093137,1],"ix":4},"o":{"a":0,"k":79,"ix":5},"r":1,"bm":0,"nm":"Fill 1","mn":"ADBE Vector Graphic - Fill","hd":false},{"ty":"tr","p":{"a":0,"k":[0,0],"ix":2},"a":{"a":0,"k":[0,0],"ix":1},"s":{"a":0,"k":[100,100],"ix":3},"r":{"a":0,"k":0,"ix":6},"o":{"a":0,"k":100,"ix":7},"sk":{"a":0,"k":0,"ix":4},"sa":{"a":0,"k":0,"ix":5},"nm":"Transform"}],"nm":"Shape 1","np":3,"cix":2,"bm":0,"ix":2,"mn":"ADBE Vector Group","hd":false}],"ip":0,"op":98.0000120492435,"st":0,"bm":0},{"ddd":0,"ind":9,"ty":4,"nm":"ojo izq","parent":13,"sr":1,"ks":{"o":{"a":0,"k":100,"ix":11},"r":{"a":0,"k":0,"ix":10},"p":{"a":0,"k":[0,0,0],"ix":2},"a":{"a":0,"k":[0,0,0],"ix":1},"s":{"a":0,"k":[99.455,101.546,100],"ix":6}},"ao":0,"shapes":[{"ty":"gr","it":[{"d":1,"ty":"el","s":{"a":0,"k":[11.289,12.34],"ix":2},"p":{"a":0,"k":[0,0],"ix":3},"nm":"Ellipse Path 1","mn":"ADBE Vector Shape - Ellipse","hd":false},{"ty":"st","c":{"a":0,"k":[0.93996629902,0.93996629902,0.93996629902,1],"ix":3},"o":{"a":0,"k":100,"ix":4},"w":{"a":0,"k":10,"ix":5},"lc":1,"lj":1,"ml":4,"bm":0,"nm":"Stroke 1","mn":"ADBE Vector Graphic - Stroke","hd":false},{"ty":"fl","c":{"a":0,"k":[0.226639093137,0.226639093137,0.226639093137,1],"ix":4},"o":{"a":0,"k":79,"ix":5},"r":1,"bm":0,"nm":"Fill 1","mn":"ADBE Vector Graphic - Fill","hd":false},{"ty":"tr","p":{"a":0,"k":[-84.355,72.17],"ix":2},"a":{"a":0,"k":[0,0],"ix":1},"s":{"a":0,"k":[100,100],"ix":3},"r":{"a":0,"k":0,"ix":6},"o":{"a":0,"k":100,"ix":7},"sk":{"a":0,"k":0,"ix":4},"sa":{"a":0,"k":0,"ix":5},"nm":"Transform"}],"nm":"Ellipse 1","np":3,"cix":2,"bm":0,"ix":1,"mn":"ADBE Vector Group","hd":false},{"ty":"gr","it":[{"ind":0,"ty":"sh","ix":1,"ks":{"a":0,"k":{"i":[[0,0],[-24,-13]],"o":[[0,0],[24,13]],"v":[[-108,72],[-55,70]],"c":false},"ix":2},"nm":"Path 1","mn":"ADBE Vector Shape - Group","hd":false},{"ty":"st","c":{"a":0,"k":[0.93996629902,0.93996629902,0.93996629902,1],"ix":3},"o":{"a":0,"k":100,"ix":4},"w":{"a":0,"k":10,"ix":5},"lc":1,"lj":1,"ml":4,"bm":0,"nm":"Stroke 1","mn":"ADBE Vector Graphic - Stroke","hd":false},{"ty":"fl","c":{"a":0,"k":[0.226639093137,0.226639093137,0.226639093137,1],"ix":4},"o":{"a":0,"k":79,"ix":5},"r":1,"bm":0,"nm":"Fill 1","mn":"ADBE Vector Graphic - Fill","hd":false},{"ty":"tr","p":{"a":0,"k":[0,0],"ix":2},"a":{"a":0,"k":[0,0],"ix":1},"s":{"a":0,"k":[100,100],"ix":3},"r":{"a":0,"k":0,"ix":6},"o":{"a":0,"k":100,"ix":7},"sk":{"a":0,"k":0,"ix":4},"sa":{"a":0,"k":0,"ix":5},"nm":"Transform"}],"nm":"Shape 1","np":3,"cix":2,"bm":0,"ix":2,"mn":"ADBE Vector Group","hd":false}],"ip":0,"op":98.0000120492435,"st":0,"bm":0},{"ddd":0,"ind":10,"ty":4,"nm":"gafas","parent":13,"sr":1,"ks":{"o":{"a":0,"k":100,"ix":11},"r":{"a":0,"k":0,"ix":10},"p":{"a":0,"k":[-2,0,0],"ix":2},"a":{"a":0,"k":[0,0,0],"ix":1},"s":{"a":0,"k":[100,100,100],"ix":6}},"ao":0,"shapes":[{"ty":"gr","it":[{"ind":0,"ty":"sh","ix":1,"ks":{"a":0,"k":{"i":[[0,48],[26,2],[0,0],[-23.298,-10.492],[-26,18],[-25.612,-21.131],[-50,-2]],"o":[[0,0],[-26,-2],[0,0],[39.857,17.949],[16.526,-11.441],[15.388,6.869],[50,2]],"v":[[176,24],[18,30],[-179,44],[-159,126],[-28,112],[43,77],[126,124]],"c":true},"ix":2},"nm":"Path 1","mn":"ADBE Vector Shape - Group","hd":false},{"ty":"st","c":{"a":0,"k":[0.19368872549,0.19368872549,0.19368872549,1],"ix":3},"o":{"a":0,"k":100,"ix":4},"w":{"a":0,"k":10,"ix":5},"lc":1,"lj":1,"ml":4,"bm":0,"nm":"Stroke 1","mn":"ADBE Vector Graphic - Stroke","hd":false},{"ty":"fl","c":{"a":0,"k":[0.226639093137,0.226639093137,0.226639093137,1],"ix":4},"o":{"a":0,"k":62,"ix":5},"r":1,"bm":0,"nm":"Fill 1","mn":"ADBE Vector Graphic - Fill","hd":false},{"ty":"tr","p":{"a":0,"k":[0,0],"ix":2},"a":{"a":0,"k":[0,0],"ix":1},"s":{"a":0,"k":[100,100],"ix":3},"r":{"a":0,"k":0,"ix":6},"o":{"a":0,"k":100,"ix":7},"sk":{"a":0,"k":0,"ix":4},"sa":{"a":0,"k":0,"ix":5},"nm":"Transform"}],"nm":"Shape 2","np":3,"cix":2,"bm":0,"ix":1,"mn":"ADBE Vector Group","hd":false},{"ty":"gr","it":[{"ty":"st","c":{"a":0,"k":[0.19368872549,0.19368872549,0.19368872549,1],"ix":3},"o":{"a":0,"k":100,"ix":4},"w":{"a":0,"k":10,"ix":5},"lc":1,"lj":1,"ml":4,"bm":0,"nm":"Stroke 1","mn":"ADBE Vector Graphic - Stroke","hd":false},{"ty":"fl","c":{"a":0,"k":[0.226639093137,0.226639093137,0.226639093137,1],"ix":4},"o":{"a":0,"k":62,"ix":5},"r":1,"bm":0,"nm":"Fill 1","mn":"ADBE Vector Graphic - Fill","hd":false},{"ty":"tr","p":{"a":0,"k":[0,0],"ix":2},"a":{"a":0,"k":[0,0],"ix":1},"s":{"a":0,"k":[100,100],"ix":3},"r":{"a":0,"k":0,"ix":6},"o":{"a":0,"k":100,"ix":7},"sk":{"a":0,"k":0,"ix":4},"sa":{"a":0,"k":0,"ix":5},"nm":"Transform"}],"nm":"Shape 1","np":2,"cix":2,"bm":0,"ix":2,"mn":"ADBE Vector Group","hd":false}],"ip":0,"op":98.0000120492435,"st":0,"bm":0},{"ddd":0,"ind":11,"ty":4,"nm":"pelo","parent":13,"sr":1,"ks":{"o":{"a":0,"k":100,"ix":11},"r":{"a":0,"k":0,"ix":10},"p":{"a":0,"k":[0,0,0],"ix":2},"a":{"a":0,"k":[0,0,0],"ix":1},"s":{"a":0,"k":[100,100,100],"ix":6}},"ao":0,"ef":[{"ty":34,"nm":"Puppet","np":6,"mn":"ADBE FreePin3","ix":1,"en":1,"ef":[{"ty":7,"nm":"Puppet Engine","mn":"ADBE FreePin3 Puppet Engine","ix":1,"v":{"a":0,"k":2,"ix":1}},{"ty":0,"nm":"Mesh Rotation Refinement","mn":"ADBE FreePin3 Auto Rotate Pins","ix":2,"v":{"a":0,"k":20,"ix":2}},{"ty":7,"nm":"On Transparent","mn":"ADBE FreePin3 On Transparent","ix":3,"v":{"a":0,"k":0,"ix":3}},{"ty":23.8280029296875,"nm":"arap","np":3,"mn":"ADBE FreePin3 ARAP Group","ix":4,"en":1,"ef":[{"ty":6,"nm":"Auto-traced Shapes","mn":"ADBE FreePin3 Outlines","ix":1,"v":0},{"ty":1,"nm":"Mesh","np":1,"mn":"ADBE FreePin3 Mesh Group","ix":2,"en":1,"ef":[]}]}]}],"shapes":[{"ty":"gr","it":[{"ind":0,"ty":"sh","ix":1,"ks":{"a":0,"k":{"i":[[38.061,36.158],[19.695,-9.617],[9.749,-3.849],[22.612,-20.869],[20.388,-24.131],[20.388,-40.131],[0,0],[-1.612,-11.131],[-14,2],[-10,42],[-25.388,-3.869],[0,0],[-27.388,13.131],[1.224,22.34]],"o":[[-22.421,-21.3],[-19.695,9.617],[-9.119,3.6],[-22.612,20.869],[-13.612,21.869],[-28.028,-2.548],[0,0],[7.388,7.869],[14,-2],[25.388,-53.131],[25.388,3.869],[0,0],[27.388,-13.131],[-3.536,-64.526]],"v":[[54,-250],[-35.917,-239.748],[-67,-235],[-91,-218],[-150,-184],[-170,-138],[-194.171,-118.796],[-189,-76],[-152,44],[-124,-54],[-28,-94],[25,-26],[62,-104],[118,-67]],"c":true},"ix":2},"nm":"Path 1","mn":"ADBE Vector Shape - Group","hd":false},{"ty":"st","c":{"a":0,"k":[0.308685661765,0.308685661765,0.308685661765,1],"ix":3},"o":{"a":0,"k":100,"ix":4},"w":{"a":0,"k":10,"ix":5},"lc":1,"lj":1,"ml":4,"bm":0,"nm":"Stroke 1","mn":"ADBE Vector Graphic - Stroke","hd":false},{"ty":"fl","c":{"a":0,"k":[0.049009461496,0.167748754165,0.281112132353,1],"ix":4},"o":{"a":0,"k":100,"ix":5},"r":1,"bm":0,"nm":"Fill 1","mn":"ADBE Vector Graphic - Fill","hd":false},{"ty":"tr","p":{"a":0,"k":[0,0],"ix":2},"a":{"a":0,"k":[0,0],"ix":1},"s":{"a":0,"k":[100,100],"ix":3},"r":{"a":0,"k":0,"ix":6},"o":{"a":0,"k":100,"ix":7},"sk":{"a":0,"k":0,"ix":4},"sa":{"a":0,"k":0,"ix":5},"nm":"Transform"}],"nm":"Shape 1","np":3,"cix":2,"bm":0,"ix":1,"mn":"ADBE Vector Group","hd":false}],"ip":0,"op":98.0000120492435,"st":0,"bm":0},{"ddd":0,"ind":12,"ty":4,"nm":"nariz","parent":13,"sr":1,"ks":{"o":{"a":0,"k":100,"ix":11},"r":{"a":0,"k":0,"ix":10},"p":{"a":0,"k":[0,0,0],"ix":2},"a":{"a":0,"k":[0,0,0],"ix":1},"s":{"a":0,"k":[100,100,100],"ix":6}},"ao":0,"shapes":[{"ty":"gr","it":[{"ind":0,"ty":"sh","ix":1,"ks":{"a":0,"k":{"i":[[0,0],[8.612,-9.869],[14,-2]],"o":[[0,0],[-8.612,9.869],[-14,2]],"v":[[26,54],[56,144],[-10,138]],"c":false},"ix":2},"nm":"Path 1","mn":"ADBE Vector Shape - Group","hd":false},{"ty":"st","c":{"a":0,"k":[0.26184129902,0.26184129902,0.26184129902,1],"ix":3},"o":{"a":0,"k":100,"ix":4},"w":{"a":0,"k":8,"ix":5},"lc":2,"lj":1,"ml":4,"bm":0,"nm":"Stroke 1","mn":"ADBE Vector Graphic - Stroke","hd":false},{"ty":"tr","p":{"a":0,"k":[0,0],"ix":2},"a":{"a":0,"k":[0,0],"ix":1},"s":{"a":0,"k":[100,100],"ix":3},"r":{"a":0,"k":0,"ix":6},"o":{"a":0,"k":100,"ix":7},"sk":{"a":0,"k":0,"ix":4},"sa":{"a":0,"k":0,"ix":5},"nm":"Transform"}],"nm":"Shape 1","np":3,"cix":2,"bm":0,"ix":1,"mn":"ADBE Vector Group","hd":false}],"ip":0,"op":98.0000120492435,"st":0,"bm":0},{"ddd":0,"ind":13,"ty":4,"nm":"cara","parent":19,"sr":1,"ks":{"o":{"a":0,"k":100,"ix":11},"r":{"a":0,"k":0,"ix":10},"p":{"a":0,"k":[0,0,0],"ix":2},"a":{"a":0,"k":[0,0,0],"ix":1},"s":{"a":0,"k":[100,100,100],"ix":6}},"ao":0,"shapes":[{"ty":"gr","it":[{"ind":0,"ty":"sh","ix":1,"ks":{"a":0,"k":{"i":[[156,-24],[0,0],[-30,-98],[-4,80],[24,84]],"o":[[-156,24],[0,0],[30,98],[4,-80],[-24,-84]],"v":[[-36,-106],[-156,50],[-130,164],[140,182],[114,-96]],"c":true},"ix":2},"nm":"Path 1","mn":"ADBE Vector Shape - Group","hd":false},{"ty":"st","c":{"a":0,"k":[0.958792892157,0.958792892157,0.958792892157,1],"ix":3},"o":{"a":0,"k":100,"ix":4},"w":{"a":0,"k":10,"ix":5},"lc":1,"lj":1,"ml":4,"bm":0,"nm":"Stroke 1","mn":"ADBE Vector Graphic - Stroke","hd":false},{"ty":"fl","c":{"a":0,"k":[0.999111519608,0.784649179496,0.332440245385,1],"ix":4},"o":{"a":0,"k":100,"ix":5},"r":1,"bm":0,"nm":"Fill 1","mn":"ADBE Vector Graphic - Fill","hd":false},{"ty":"tr","p":{"a":0,"k":[0,0],"ix":2},"a":{"a":0,"k":[0,0],"ix":1},"s":{"a":0,"k":[100,100],"ix":3},"r":{"a":0,"k":0,"ix":6},"o":{"a":0,"k":100,"ix":7},"sk":{"a":0,"k":0,"ix":4},"sa":{"a":0,"k":0,"ix":5},"nm":"Transform"}],"nm":"Shape 1","np":3,"cix":2,"bm":0,"ix":1,"mn":"ADBE Vector Group","hd":false}],"ip":0,"op":98.0000120492435,"st":0,"bm":0},{"ddd":0,"ind":14,"ty":4,"nm":"aro der","parent":13,"sr":1,"ks":{"o":{"a":0,"k":100,"ix":11},"r":{"a":0,"k":0,"ix":10},"p":{"a":0,"k":[-6,-8,0],"ix":2},"a":{"a":0,"k":[0,0,0],"ix":1},"s":{"a":0,"k":[100,100,100],"ix":6}},"ao":0,"shapes":[{"ty":"gr","it":[{"ind":0,"ty":"sh","ix":1,"ks":{"a":0,"k":{"i":[[0,0],[26,-14],[-6,18]],"o":[[0,0],[-26,14],[6,-18]],"v":[[176,116],[178,158],[144,120]],"c":false},"ix":2},"nm":"Path 1","mn":"ADBE Vector Shape - Group","hd":false},{"ty":"st","c":{"a":0,"k":[0.308685661765,0.308685661765,0.308685661765,1],"ix":3},"o":{"a":0,"k":100,"ix":4},"w":{"a":0,"k":10,"ix":5},"lc":2,"lj":2,"bm":0,"nm":"Stroke 1","mn":"ADBE Vector Graphic - Stroke","hd":false},{"ty":"tr","p":{"a":0,"k":[0,0],"ix":2},"a":{"a":0,"k":[0,0],"ix":1},"s":{"a":0,"k":[100,100],"ix":3},"r":{"a":0,"k":0,"ix":6},"o":{"a":0,"k":100,"ix":7},"sk":{"a":0,"k":0,"ix":4},"sa":{"a":0,"k":0,"ix":5},"nm":"Transform"}],"nm":"Shape 1","np":3,"cix":2,"bm":0,"ix":1,"mn":"ADBE Vector Group","hd":false}],"ip":0,"op":98.0000120492435,"st":0,"bm":0},{"ddd":0,"ind":15,"ty":4,"nm":"aro izq","parent":13,"sr":1,"ks":{"o":{"a":0,"k":100,"ix":11},"r":{"a":0,"k":0,"ix":10},"p":{"a":0,"k":[-151.213,147.288,0],"ix":2},"a":{"a":0,"k":[-151.213,147.288,0],"ix":1},"s":{"a":0,"k":[100,100,100],"ix":6}},"ao":0,"shapes":[{"ty":"gr","it":[{"ind":0,"ty":"sh","ix":1,"ks":{"a":0,"k":{"i":[[20,18],[-34,20]],"o":[[-20,-18],[34,-20]],"v":[[-150,126],[-138,168]],"c":false},"ix":2},"nm":"Path 1","mn":"ADBE Vector Shape - Group","hd":false},{"ty":"st","c":{"a":0,"k":[0.308685661765,0.308685661765,0.308685661765,1],"ix":3},"o":{"a":0,"k":100,"ix":4},"w":{"a":0,"k":10,"ix":5},"lc":1,"lj":1,"ml":4,"bm":0,"nm":"Stroke 1","mn":"ADBE Vector Graphic - Stroke","hd":false},{"ty":"tr","p":{"a":0,"k":[0,0],"ix":2},"a":{"a":0,"k":[0,0],"ix":1},"s":{"a":0,"k":[100,100],"ix":3},"r":{"a":0,"k":0,"ix":6},"o":{"a":0,"k":100,"ix":7},"sk":{"a":0,"k":0,"ix":4},"sa":{"a":0,"k":0,"ix":5},"nm":"Transform"}],"nm":"Shape 1","np":3,"cix":2,"bm":0,"ix":1,"mn":"ADBE Vector Group","hd":false}],"ip":0,"op":98.0000120492435,"st":0,"bm":0},{"ddd":0,"ind":16,"ty":4,"nm":"Shape Layer 6","parent":13,"sr":1,"ks":{"o":{"a":0,"k":100,"ix":11},"r":{"a":0,"k":0,"ix":10},"p":{"a":0,"k":[-0.709,-11.76,0],"ix":2},"a":{"a":0,"k":[0,0,0],"ix":1},"s":{"a":0,"k":[100,100,100],"ix":6}},"ao":0,"shapes":[{"ty":"gr","it":[{"ind":0,"ty":"sh","ix":1,"ks":{"a":0,"k":{"i":[[0,0],[0,0],[0,0]],"o":[[0,0],[0,0],[0,0]],"v":[[110,242],[96,322],[136,252]],"c":true},"ix":2},"nm":"Path 1","mn":"ADBE Vector Shape - Group","hd":false},{"ty":"st","c":{"a":0,"k":[0.302267156863,0.302267156863,0.302267156863,1],"ix":3},"o":{"a":0,"k":100,"ix":4},"w":{"a":0,"k":10,"ix":5},"lc":1,"lj":1,"ml":4,"bm":0,"nm":"Stroke 1","mn":"ADBE Vector Graphic - Stroke","hd":false},{"ty":"fl","c":{"a":0,"k":[0.211764720842,0.211764720842,0.219607858097,1],"ix":4},"o":{"a":0,"k":62,"ix":5},"r":1,"bm":0,"nm":"Fill 1","mn":"ADBE Vector Graphic - Fill","hd":false},{"ty":"tr","p":{"a":0,"k":[0,0],"ix":2},"a":{"a":0,"k":[0,0],"ix":1},"s":{"a":0,"k":[100,100],"ix":3},"r":{"a":0,"k":0,"ix":6},"o":{"a":0,"k":100,"ix":7},"sk":{"a":0,"k":0,"ix":4},"sa":{"a":0,"k":0,"ix":5},"nm":"Transform"}],"nm":"Shape 1","np":3,"cix":2,"bm":0,"ix":1,"mn":"ADBE Vector Group","hd":false}],"ip":0,"op":98.0000120492435,"st":0,"bm":0},{"ddd":0,"ind":17,"ty":4,"nm":"Shape Layer 5","parent":13,"sr":1,"ks":{"o":{"a":0,"k":100,"ix":11},"r":{"a":0,"k":0,"ix":10},"p":{"a":0,"k":[-0.709,0.24,0],"ix":2},"a":{"a":0,"k":[0,0,0],"ix":1},"s":{"a":0,"k":[100,100,100],"ix":6}},"ao":0,"shapes":[{"ty":"gr","it":[{"ind":0,"ty":"sh","ix":1,"ks":{"a":0,"k":{"i":[[0,0],[-18.868,-18.868],[0,0]],"o":[[0,0],[20,20],[0,0]],"v":[[-32,216],[-94,242],[-34,330]],"c":true},"ix":2},"nm":"Path 1","mn":"ADBE Vector Shape - Group","hd":false},{"ty":"st","c":{"a":0,"k":[0.302267156863,0.302267156863,0.302267156863,1],"ix":3},"o":{"a":0,"k":100,"ix":4},"w":{"a":0,"k":10,"ix":5},"lc":1,"lj":1,"ml":4,"bm":0,"nm":"Stroke 1","mn":"ADBE Vector Graphic - Stroke","hd":false},{"ty":"fl","c":{"a":0,"k":[0.211764720842,0.211764720842,0.219607858097,1],"ix":4},"o":{"a":0,"k":62,"ix":5},"r":1,"bm":0,"nm":"Fill 1","mn":"ADBE Vector Graphic - Fill","hd":false},{"ty":"tr","p":{"a":0,"k":[0,0],"ix":2},"a":{"a":0,"k":[0,0],"ix":1},"s":{"a":0,"k":[100,100],"ix":3},"r":{"a":0,"k":0,"ix":6},"o":{"a":0,"k":100,"ix":7},"sk":{"a":0,"k":0,"ix":4},"sa":{"a":0,"k":0,"ix":5},"nm":"Transform"}],"nm":"Shape 1","np":3,"cix":2,"bm":0,"ix":1,"mn":"ADBE Vector Group","hd":false}],"ip":0,"op":98.0000120492435,"st":0,"bm":0},{"ddd":0,"ind":18,"ty":4,"nm":"Shape Layer 4","parent":13,"sr":1,"ks":{"o":{"a":0,"k":100,"ix":11},"r":{"a":0,"k":0,"ix":10},"p":{"a":0,"k":[-0.709,0.24,0],"ix":2},"a":{"a":0,"k":[0,0,0],"ix":1},"s":{"a":0,"k":[100,100,100],"ix":6}},"ao":0,"shapes":[{"ty":"gr","it":[{"ind":0,"ty":"sh","ix":1,"ks":{"a":0,"k":{"i":[[0,0],[12,-16],[0,0],[24,24]],"o":[[0,0],[-12,16],[0,0],[-24,-24]],"v":[[-28,192],[-40,388],[78,394],[100,198]],"c":true},"ix":2},"nm":"Path 1","mn":"ADBE Vector Shape - Group","hd":false},{"ty":"st","c":{"a":0,"k":[0.302267156863,0.302267156863,0.302267156863,1],"ix":3},"o":{"a":0,"k":100,"ix":4},"w":{"a":0,"k":10,"ix":5},"lc":1,"lj":1,"ml":4,"bm":0,"nm":"Stroke 1","mn":"ADBE Vector Graphic - Stroke","hd":false},{"ty":"fl","c":{"a":0,"k":[0.113240305583,0.114337494794,0.116222426471,1],"ix":4},"o":{"a":0,"k":62,"ix":5},"r":1,"bm":0,"nm":"Fill 1","mn":"ADBE Vector Graphic - Fill","hd":false},{"ty":"tr","p":{"a":0,"k":[0,0],"ix":2},"a":{"a":0,"k":[0,0],"ix":1},"s":{"a":0,"k":[100,100],"ix":3},"r":{"a":0,"k":0,"ix":6},"o":{"a":0,"k":100,"ix":7},"sk":{"a":0,"k":0,"ix":4},"sa":{"a":0,"k":0,"ix":5},"nm":"Transform"}],"nm":"Shape 1","np":3,"cix":2,"bm":0,"ix":1,"mn":"ADBE Vector Group","hd":false}],"ip":0,"op":98.0000120492435,"st":0,"bm":0},{"ddd":0,"ind":19,"ty":4,"nm":"cuerpo","sr":1,"ks":{"o":{"a":0,"k":100,"ix":11},"r":{"a":0,"k":0,"ix":10},"p":{"a":1,"k":[{"i":{"x":0.833,"y":0.833},"o":{"x":0.333,"y":0},"t":0,"s":[114,360,0],"to":[46.172,0,0],"ti":[-115.234,0,0]},{"i":{"x":0.833,"y":0.833},"o":{"x":0.333,"y":0},"t":6,"s":[410.533,482,0],"to":[103.559,0,0],"ti":[-41.494,0,0]},{"t":9.00000110656318,"s":[640,360,0]}],"ix":2,"x":"var $bm_rt;\nvar _0x9233 = [\n        'BOUNCr overSHOOT+',\n        'Amplitude',\n        'Frequency',\n        'Decay',\n        'Floor',\n        'index',\n        'time',\n        'frameDuration',\n        'PI',\n        'sin',\n        'exp',\n        'abs'\n    ];\ntry {\n    var effecto = effect(_0x9233[0]);\n    var amp = $bm_div(effecto(_0x9233[1]), 1000);\n    var freq = effecto(_0x9233[2]);\n    var decay = effecto(_0x9233[3]);\n    var floor = effecto(_0x9233[4]);\n    var n, numkeys, v, t;\n    if (floor != true) {\n        $bm_rt = n = 0;\n        if (numKeys > 0) {\n            $bm_rt = n = nearestKey(time)[_0x9233[5]];\n            if (key(n)[_0x9233[6]] > time) {\n                n--;\n            }\n        }\n        ;\n        if (n == 0) {\n            $bm_rt = t = 0;\n        } else {\n            $bm_rt = t = $bm_sub(time, key(n)[_0x9233[6]]);\n        }\n        ;\n        if (n > 0) {\n            v = velocityAtTime($bm_sub(key(n)[_0x9233[6]], $bm_div(thisComp[_0x9233[7]], 10)));\n            $bm_rt = $bm_sum(value, $bm_mul($bm_mul(v, amp), $bm_div(Math[_0x9233[9]]($bm_mul($bm_mul($bm_mul(freq, t), 2), Math[_0x9233[8]])), Math[_0x9233[10]]($bm_mul(decay, t)))));\n        } else {\n            $bm_rt = value;\n        }\n    } else {\n        $bm_rt = n = 0;\n        if (numKeys > 0) {\n            $bm_rt = n = nearestKey(time)[_0x9233[5]];\n            if (key(n)[_0x9233[6]] > time) {\n                n--;\n            }\n        }\n        ;\n        if (n == 0) {\n            $bm_rt = t = 0;\n        } else {\n            $bm_rt = t = $bm_sub(time, key(n)[_0x9233[6]]);\n        }\n        ;\n        if (n > 0) {\n            v = velocityAtTime($bm_sub(key(n)[_0x9233[6]], $bm_div(thisComp[_0x9233[7]], 10)));\n            $bm_rt = $bm_sum(value, $bm_mul($bm_mul(v, amp), $bm_neg($bm_div(Math[_0x9233[11]](Math[_0x9233[9]]($bm_mul($bm_mul($bm_mul(freq, t), 2), Math[_0x9233[8]]))), Math[_0x9233[10]]($bm_mul(decay, t))))));\n        } else {\n            $bm_rt = value;\n        }\n    }\n} catch (err) {\n    $bm_rt = value;\n}"},"a":{"a":0,"k":[0,0,0],"ix":1},"s":{"a":0,"k":[100,100,100],"ix":6}},"ao":0,"ef":[{"ty":5,"nm":"BOUNCr overSHOOT+","np":8,"mn":"Pseudo/pse bouncR overSHOOT+","ix":1,"en":1,"ef":[{"ty":0,"nm":"Amplitude","mn":"Pseudo/pse bouncR overSHOOT+-0001","ix":1,"v":{"a":0,"k":50,"ix":1}},{"ty":0,"nm":"Frequency","mn":"Pseudo/pse bouncR overSHOOT+-0002","ix":2,"v":{"a":0,"k":2,"ix":2}},{"ty":0,"nm":"Decay","mn":"Pseudo/pse bouncR overSHOOT+-0003","ix":3,"v":{"a":0,"k":4,"ix":3}},{"ty":7,"nm":"Floor","mn":"Pseudo/pse bouncR overSHOOT+-0004","ix":4,"v":{"a":0,"k":0,"ix":4}},{"ty":6,"nm":"©2018 pixelbot - BOUNCr_v1.1","mn":"Pseudo/pse bouncR overSHOOT+-0005","ix":5,"v":0},{"ty":6,"nm":"BOUNCr overSHOOT+","mn":"Pseudo/pse bouncR overSHOOT+-0006","ix":6,"v":0}]}],"shapes":[{"ty":"gr","it":[{"ind":0,"ty":"sh","ix":1,"ks":{"a":0,"k":{"i":[[0,0],[0,0],[-23.076,-49.584],[-33.305,-6.715],[-29.925,41.069]],"o":[[0,0],[0,0],[19.55,42.008],[33.305,6.715],[36.173,-49.643]],"v":[[144,158],[-116,158],[-142,360],[-14.663,375.744],[134,374]],"c":true},"ix":2},"nm":"Path 1","mn":"ADBE Vector Shape - Group","hd":false},{"ty":"st","c":{"a":0,"k":[0.308685661765,0.308685661765,0.308685661765,1],"ix":3},"o":{"a":0,"k":100,"ix":4},"w":{"a":0,"k":10,"ix":5},"lc":1,"lj":1,"ml":4,"bm":0,"nm":"Stroke 1","mn":"ADBE Vector Graphic - Stroke","hd":false},{"ty":"fl","c":{"a":0,"k":[0.210336468267,0.213364365522,0.218566176471,1],"ix":4},"o":{"a":0,"k":100,"ix":5},"r":1,"bm":0,"nm":"Fill 1","mn":"ADBE Vector Graphic - Fill","hd":false},{"ty":"tr","p":{"a":0,"k":[0,0],"ix":2},"a":{"a":0,"k":[0,0],"ix":1},"s":{"a":0,"k":[100,100],"ix":3},"r":{"a":0,"k":0,"ix":6},"o":{"a":0,"k":100,"ix":7},"sk":{"a":0,"k":0,"ix":4},"sa":{"a":0,"k":0,"ix":5},"nm":"Transform"}],"nm":"Shape 1","np":3,"cix":2,"bm":0,"ix":1,"mn":"ADBE Vector Group","hd":false}],"ip":0,"op":98.0000120492435,"st":0,"bm":0}]},{"id":"comp_1","layers":[{"ddd":0,"ind":1,"ty":4,"nm":"Shape Layer 10","sr":1,"ks":{"o":{"a":0,"k":100,"ix":11},"r":{"a":0,"k":-8,"ix":10},"p":{"a":1,"k":[{"i":{"x":0.833,"y":0.833},"o":{"x":0.167,"y":0.167},"t":41,"s":[498,353,0],"to":[98.667,-10.667,0],"ti":[-98.667,10.667,0]},{"t":51.0000062705247,"s":[1090,289,0]}],"ix":2},"a":{"a":0,"k":[0,0,0],"ix":1},"s":{"a":0,"k":[50.068,100,100],"ix":6}},"ao":0,"shapes":[{"ty":"gr","it":[{"ty":"rc","d":1,"s":{"a":0,"k":[16.086,123.492],"ix":2},"p":{"a":0,"k":[0,0],"ix":3},"r":{"a":0,"k":0,"ix":4},"nm":"Rectangle Path 1","mn":"ADBE Vector Shape - Rect","hd":false},{"ty":"fl","c":{"a":0,"k":[0.649586397059,0.649586397059,0.649586397059,1],"ix":4},"o":{"a":0,"k":62,"ix":5},"r":1,"bm":0,"nm":"Fill 1","mn":"ADBE Vector Graphic - Fill","hd":false},{"ty":"tr","p":{"a":0,"k":[-139.957,91.746],"ix":2},"a":{"a":0,"k":[0,0],"ix":1},"s":{"a":0,"k":[100,100],"ix":3},"r":{"a":0,"k":0,"ix":6},"o":{"a":0,"k":100,"ix":7},"sk":{"a":0,"k":0,"ix":4},"sa":{"a":0,"k":0,"ix":5},"nm":"Transform"}],"nm":"Rectangle 1","np":3,"cix":2,"bm":0,"ix":1,"mn":"ADBE Vector Group","hd":false}],"ip":0,"op":96.0000118033406,"st":0,"bm":0},{"ddd":0,"ind":2,"ty":4,"nm":"Shape Layer 8","sr":1,"ks":{"o":{"a":0,"k":100,"ix":11},"r":{"a":0,"k":-8,"ix":10},"p":{"a":1,"k":[{"i":{"x":0.833,"y":0.833},"o":{"x":0.167,"y":0.167},"t":41,"s":[338,369,0],"to":[98.667,-10.667,0],"ti":[-98.667,10.667,0]},{"t":51.0000062705247,"s":[930,305,0]}],"ix":2},"a":{"a":0,"k":[0,0,0],"ix":1},"s":{"a":0,"k":[50.068,100,100],"ix":6}},"ao":0,"shapes":[{"ty":"gr","it":[{"ty":"rc","d":1,"s":{"a":0,"k":[16.086,123.492],"ix":2},"p":{"a":0,"k":[0,0],"ix":3},"r":{"a":0,"k":0,"ix":4},"nm":"Rectangle Path 1","mn":"ADBE Vector Shape - Rect","hd":false},{"ty":"fl","c":{"a":0,"k":[0.649586397059,0.649586397059,0.649586397059,1],"ix":4},"o":{"a":0,"k":62,"ix":5},"r":1,"bm":0,"nm":"Fill 1","mn":"ADBE Vector Graphic - Fill","hd":false},{"ty":"tr","p":{"a":0,"k":[-139.957,91.746],"ix":2},"a":{"a":0,"k":[0,0],"ix":1},"s":{"a":0,"k":[100,100],"ix":3},"r":{"a":0,"k":0,"ix":6},"o":{"a":0,"k":100,"ix":7},"sk":{"a":0,"k":0,"ix":4},"sa":{"a":0,"k":0,"ix":5},"nm":"Transform"}],"nm":"Rectangle 1","np":3,"cix":2,"bm":0,"ix":1,"mn":"ADBE Vector Group","hd":false}],"ip":0,"op":96.0000118033406,"st":0,"bm":0},{"ddd":0,"ind":3,"ty":4,"nm":"Shape Layer 9","sr":1,"ks":{"o":{"a":0,"k":100,"ix":11},"r":{"a":0,"k":-8,"ix":10},"p":{"a":1,"k":[{"i":{"x":0.833,"y":0.833},"o":{"x":0.167,"y":0.167},"t":41,"s":[536,352,0],"to":[98.667,-10.667,0],"ti":[-98.667,10.667,0]},{"t":51.0000062705247,"s":[1128,288,0]}],"ix":2},"a":{"a":0,"k":[0,0,0],"ix":1},"s":{"a":0,"k":[100,100,100],"ix":6}},"ao":0,"shapes":[{"ty":"gr","it":[{"ty":"rc","d":1,"s":{"a":0,"k":[16.086,123.492],"ix":2},"p":{"a":0,"k":[0,0],"ix":3},"r":{"a":0,"k":0,"ix":4},"nm":"Rectangle Path 1","mn":"ADBE Vector Shape - Rect","hd":false},{"ty":"fl","c":{"a":0,"k":[0.649586397059,0.649586397059,0.649586397059,1],"ix":4},"o":{"a":0,"k":62,"ix":5},"r":1,"bm":0,"nm":"Fill 1","mn":"ADBE Vector Graphic - Fill","hd":false},{"ty":"tr","p":{"a":0,"k":[-139.957,91.746],"ix":2},"a":{"a":0,"k":[0,0],"ix":1},"s":{"a":0,"k":[100,100],"ix":3},"r":{"a":0,"k":0,"ix":6},"o":{"a":0,"k":100,"ix":7},"sk":{"a":0,"k":0,"ix":4},"sa":{"a":0,"k":0,"ix":5},"nm":"Transform"}],"nm":"Rectangle 1","np":3,"cix":2,"bm":0,"ix":1,"mn":"ADBE Vector Group","hd":false}],"ip":0,"op":96.0000118033406,"st":0,"bm":0},{"ddd":0,"ind":4,"ty":4,"nm":"Shape Layer 7","sr":1,"ks":{"o":{"a":0,"k":100,"ix":11},"r":{"a":0,"k":-8,"ix":10},"p":{"a":1,"k":[{"i":{"x":0.833,"y":0.833},"o":{"x":0.167,"y":0.167},"t":41,"s":[376,368,0],"to":[98.667,-10.667,0],"ti":[-98.667,10.667,0]},{"t":51.0000062705247,"s":[968,304,0]}],"ix":2},"a":{"a":0,"k":[0,0,0],"ix":1},"s":{"a":0,"k":[100,100,100],"ix":6}},"ao":0,"shapes":[{"ty":"gr","it":[{"ty":"rc","d":1,"s":{"a":0,"k":[16.086,123.492],"ix":2},"p":{"a":0,"k":[0,0],"ix":3},"r":{"a":0,"k":0,"ix":4},"nm":"Rectangle Path 1","mn":"ADBE Vector Shape - Rect","hd":false},{"ty":"fl","c":{"a":0,"k":[0.649586397059,0.649586397059,0.649586397059,1],"ix":4},"o":{"a":0,"k":62,"ix":5},"r":1,"bm":0,"nm":"Fill 1","mn":"ADBE Vector Graphic - Fill","hd":false},{"ty":"tr","p":{"a":0,"k":[-139.957,91.746],"ix":2},"a":{"a":0,"k":[0,0],"ix":1},"s":{"a":0,"k":[100,100],"ix":3},"r":{"a":0,"k":0,"ix":6},"o":{"a":0,"k":100,"ix":7},"sk":{"a":0,"k":0,"ix":4},"sa":{"a":0,"k":0,"ix":5},"nm":"Transform"}],"nm":"Rectangle 1","np":3,"cix":2,"bm":0,"ix":1,"mn":"ADBE Vector Group","hd":false}],"ip":0,"op":96.0000118033406,"st":0,"bm":0}]},{"id":"comp_2","layers":[{"ddd":0,"ind":1,"ty":5,"nm":"We still haven’t found what you’re looking for","sr":1,"ks":{"o":{"a":0,"k":100,"ix":11},"r":{"a":0,"k":0,"ix":10},"p":{"a":0,"k":[474.059,746,0],"ix":2},"a":{"a":0,"k":[0,0,0],"ix":1},"s":{"a":0,"k":[100,100,100],"ix":6}},"ao":0,"t":{"d":{"k":[{"s":{"sz":[812,196],"ps":[-428,-102],"s":59,"f":"Raleway-Medium","t":"We still haven’t found what you’re looking for","j":2,"tr":0,"lh":70.8000030517578,"ls":0,"fc":[0.878,0.263,0.29]},"t":0}]},"p":{},"m":{"g":1,"a":{"a":0,"k":[0,0],"ix":2}},"a":[{"nm":"Position 1","s":{"t":0,"xe":{"a":0,"k":100,"ix":7},"ne":{"a":0,"k":0,"ix":8},"a":{"a":0,"k":100,"ix":4},"b":1,"rn":0,"sh":3,"o":{"a":1,"k":[{"i":{"x":[0.833],"y":[0.833]},"o":{"x":[0.167],"y":[0.167]},"t":0,"s":[-100]},{"t":24.0000029508351,"s":[100]}],"ix":3},"r":1},"a":{"p":{"a":0,"k":[0,-150,0],"ix":2}}},{"nm":"Position 2","s":{"t":0,"xe":{"a":0,"k":50,"ix":7},"ne":{"a":0,"k":50,"ix":8},"a":{"a":0,"k":100,"ix":4},"b":1,"rn":0,"sh":3,"o":{"a":1,"k":[{"i":{"x":[0.833],"y":[0.833]},"o":{"x":[0.167],"y":[0.167]},"t":5,"s":[-100]},{"t":29.0000035655925,"s":[100]}],"ix":3},"r":1},"a":{"p":{"a":0,"k":[0,60,0],"ix":2}}},{"nm":"Position 3","s":{"t":0,"xe":{"a":0,"k":50,"ix":7},"ne":{"a":0,"k":50,"ix":8},"a":{"a":0,"k":100,"ix":4},"b":1,"rn":0,"sh":3,"o":{"a":1,"k":[{"i":{"x":[0.833],"y":[0.833]},"o":{"x":[0.167],"y":[0.167]},"t":11,"s":[-100]},{"t":35.0000043033013,"s":[100]}],"ix":3},"r":1},"a":{"p":{"a":0,"k":[0,-15,0],"ix":2}}},{"nm":"Opacity","s":{"t":0,"xe":{"a":0,"k":0,"ix":7},"ne":{"a":0,"k":0,"ix":8},"a":{"a":0,"k":100,"ix":4},"b":1,"rn":0,"sh":1,"s":{"a":1,"k":[{"i":{"x":[0.833],"y":[0.833]},"o":{"x":[0.167],"y":[0.167]},"t":0,"s":[0]},{"t":16.0000019672234,"s":[100]}],"ix":1},"r":1},"a":{"o":{"a":0,"k":0,"ix":9}}}]},"ip":0,"op":98.0000120492435,"st":0,"bm":0},{"ddd":0,"ind":2,"ty":4,"nm":"405 Outlines","sr":1,"ks":{"o":{"a":0,"k":100,"ix":11},"r":{"a":0,"k":0,"ix":10},"p":{"a":0,"k":[474,261.281,0],"ix":2},"a":{"a":0,"k":[-3.264,-38.719,0],"ix":1},"s":{"a":0,"k":[100,100,100],"ix":6}},"ao":0,"shapes":[{"ty":"gr","it":[{"ind":0,"ty":"sh","ix":1,"ks":{"a":0,"k":{"i":[[0,0],[0,0],[0,0],[0,0],[0,0],[0,0],[0,0],[0,0],[0,0],[0,0],[0,0]],"o":[[0,0],[0,0],[0,0],[0,0],[0,0],[0,0],[0,0],[0,0],[0,0],[0,0],[0,0]],"v":[[-232.199,164.765],[-232.199,107.549],[-198.407,107.549],[-198.407,61.469],[-232.199,61.469],[-232.199,-103.267],[-267.143,-103.267],[-395.783,61.853],[-395.783,107.549],[-283.655,107.549],[-283.655,164.765]],"c":true},"ix":2},"nm":"4","mn":"ADBE Vector Shape - Group","hd":false},{"ind":1,"ty":"sh","ix":2,"ks":{"a":0,"k":{"i":[[0,0],[0,0],[0,0]],"o":[[0,0],[0,0],[0,0]],"v":[[-277.895,-25.315],[-277.895,61.469],[-344.327,61.469]],"c":true},"ix":2},"nm":"4","mn":"ADBE Vector Shape - Group","hd":false},{"ty":"mm","mm":1,"nm":"Merge Paths 1","mn":"ADBE Vector Filter - Merge","hd":false},{"ty":"st","c":{"a":0,"k":[0.224111519608,0.224111519608,0.224111519608,1],"ix":3},"o":{"a":0,"k":100,"ix":4},"w":{"a":0,"k":1,"ix":5},"lc":1,"lj":1,"ml":4,"bm":0,"nm":"Stroke 1","mn":"ADBE Vector Graphic - Stroke","hd":false},{"ty":"tr","p":{"a":0,"k":[0,0],"ix":2},"a":{"a":0,"k":[0,0],"ix":1},"s":{"a":0,"k":[100,100],"ix":3},"r":{"a":0,"k":0,"ix":6},"o":{"a":0,"k":100,"ix":7},"sk":{"a":0,"k":0,"ix":4},"sa":{"a":0,"k":0,"ix":5},"nm":"Transform"}],"nm":"4","np":5,"cix":2,"bm":0,"ix":1,"mn":"ADBE Vector Group","hd":false},{"ty":"gr","it":[{"ind":0,"ty":"sh","ix":1,"ks":{"a":0,"k":{"i":[[7.8,22.2],[13.8,16.2],[18.994,9.206],[21.994,0],[18.797,-9.197],[13.8,-16.2],[7.8,-22.2],[0,-26.4],[-7.8,-22.2],[-13.8,-16.2],[-18.806,-9],[-22.406,0],[-19.003,9],[-13.8,16.2],[-7.8,22.2],[0,26.4]],"o":[[-7.8,-22.2],[-13.8,-16.2],[-19.003,-9.197],[-22.406,0],[-18.806,9.206],[-13.8,16.2],[-7.8,22.2],[0,26.4],[7.8,22.2],[13.8,16.2],[18.797,9],[21.994,0],[18.994,-9],[13.8,-16.2],[7.8,-22.2],[0,-26.4]],"v":[[143.1,-132.703],[110.7,-190.303],[61.501,-228.403],[0,-242.203],[-61.8,-228.403],[-110.7,-190.303],[-143.1,-132.703],[-154.8,-59.803],[-143.1,13.097],[-110.7,70.697],[-61.8,108.497],[0,121.997],[61.501,108.497],[110.7,70.697],[143.1,13.097],[154.8,-59.803]],"c":true},"ix":2},"nm":"0","mn":"ADBE Vector Shape - Group","hd":false},{"ind":1,"ty":"sh","ix":2,"ks":{"a":0,"k":{"i":[[3.6,-13.2],[6.6,-9.6],[9,-5.194],[10.8,0],[9,5.203],[6.6,9.6],[3.6,13.2],[0,16.003],[-3.6,13.406],[-6.6,9.6],[-9,5.203],[-11.203,0],[-9,-5.194],[-6.6,-9.6],[-3.6,-13.397],[0,-15.994]],"o":[[-3.6,13.2],[-6.6,9.6],[-9,5.203],[-11.203,0],[-9,-5.194],[-6.6,-9.6],[-3.6,-13.2],[0,-15.994],[3.6,-13.397],[6.6,-9.6],[9,-5.194],[10.8,0],[9,5.203],[6.6,9.6],[3.6,13.406],[0,16.003]],"v":[[68.4,-16.003],[53.1,18.197],[29.701,40.397],[0,48.197],[-30.3,40.397],[-53.7,18.197],[-69,-16.003],[-74.4,-59.803],[-69,-103.903],[-53.7,-138.403],[-30.3,-160.603],[0,-168.403],[29.701,-160.603],[53.1,-138.403],[68.4,-103.903],[73.8,-59.803]],"c":true},"ix":2},"nm":"0","mn":"ADBE Vector Shape - Group","hd":false},{"ty":"mm","mm":1,"nm":"Merge Paths 1","mn":"ADBE Vector Filter - Merge","hd":false},{"ty":"st","c":{"a":0,"k":[0.224111519608,0.224111519608,0.224111519608,1],"ix":3},"o":{"a":0,"k":100,"ix":4},"w":{"a":0,"k":1,"ix":5},"lc":1,"lj":1,"ml":4,"bm":0,"nm":"Stroke 1","mn":"ADBE Vector Graphic - Stroke","hd":false},{"ty":"tr","p":{"a":0,"k":[0,0],"ix":2},"a":{"a":0,"k":[0,0],"ix":1},"s":{"a":0,"k":[100,100],"ix":3},"r":{"a":0,"k":0,"ix":6},"o":{"a":0,"k":100,"ix":7},"sk":{"a":0,"k":0,"ix":4},"sa":{"a":0,"k":0,"ix":5},"nm":"Transform"}],"nm":"0","np":5,"cix":2,"bm":0,"ix":2,"mn":"ADBE Vector Group","hd":false},{"ty":"gr","it":[{"ind":0,"ty":"sh","ix":1,"ks":{"a":0,"k":{"i":[[0,0],[0,0],[0,0],[0,0],[0,0],[0,0],[0,0],[0,0],[0,0],[0,0],[0,0]],"o":[[0,0],[0,0],[0,0],[0,0],[0,0],[0,0],[0,0],[0,0],[0,0],[0,0],[0,0]],"v":[[355.464,164.765],[355.464,107.549],[389.256,107.549],[389.256,61.469],[355.464,61.469],[355.464,-103.267],[320.52,-103.267],[191.88,61.853],[191.88,107.549],[304.008,107.549],[304.008,164.765]],"c":true},"ix":2},"nm":"4","mn":"ADBE Vector Shape - Group","hd":false},{"ind":1,"ty":"sh","ix":2,"ks":{"a":0,"k":{"i":[[0,0],[0,0],[0,0]],"o":[[0,0],[0,0],[0,0]],"v":[[309.768,-25.315],[309.768,61.469],[243.336,61.469]],"c":true},"ix":2},"nm":"4","mn":"ADBE Vector Shape - Group","hd":false},{"ty":"mm","mm":1,"nm":"Merge Paths 1","mn":"ADBE Vector Filter - Merge","hd":false},{"ty":"st","c":{"a":0,"k":[0.224111519608,0.224111519608,0.224111519608,1],"ix":3},"o":{"a":0,"k":100,"ix":4},"w":{"a":0,"k":1,"ix":5},"lc":1,"lj":1,"ml":4,"bm":0,"nm":"Stroke 1","mn":"ADBE Vector Graphic - Stroke","hd":false},{"ty":"tr","p":{"a":0,"k":[0,0],"ix":2},"a":{"a":0,"k":[0,0],"ix":1},"s":{"a":0,"k":[100,100],"ix":3},"r":{"a":0,"k":0,"ix":6},"o":{"a":0,"k":100,"ix":7},"sk":{"a":0,"k":0,"ix":4},"sa":{"a":0,"k":0,"ix":5},"nm":"Transform"}],"nm":"4","np":5,"cix":2,"bm":0,"ix":3,"mn":"ADBE Vector Group","hd":false}],"ip":0,"op":98.0000120492435,"st":0,"bm":0},{"ddd":0,"ind":3,"ty":4,"nm":"404 Outlines","sr":1,"ks":{"o":{"a":0,"k":100,"ix":11},"r":{"a":0,"k":0,"ix":10},"p":{"a":0,"k":[455.264,426,0],"ix":2},"a":{"a":0,"k":[0,0,0],"ix":1},"s":{"a":0,"k":[100,100,100],"ix":6}},"ao":0,"shapes":[{"ty":"gr","it":[{"ind":0,"ty":"sh","ix":1,"ks":{"a":0,"k":{"i":[[0,0],[0,0],[0,0],[0,0],[0,0],[0,0],[0,0],[0,0],[0,0],[0,0],[0,0]],"o":[[0,0],[0,0],[0,0],[0,0],[0,0],[0,0],[0,0],[0,0],[0,0],[0,0],[0,0]],"v":[[-232.199,52.765],[-232.199,-4.451],[-198.407,-4.451],[-198.407,-50.531],[-232.199,-50.531],[-232.199,-215.267],[-267.143,-215.267],[-395.783,-50.147],[-395.783,-4.451],[-283.655,-4.451],[-283.655,52.765]],"c":true},"ix":2},"nm":"4","mn":"ADBE Vector Shape - Group","hd":false},{"ind":1,"ty":"sh","ix":2,"ks":{"a":0,"k":{"i":[[0,0],[0,0],[0,0]],"o":[[0,0],[0,0],[0,0]],"v":[[-277.895,-137.315],[-277.895,-50.531],[-344.327,-50.531]],"c":true},"ix":2},"nm":"4","mn":"ADBE Vector Shape - Group","hd":false},{"ty":"mm","mm":1,"nm":"Merge Paths 1","mn":"ADBE Vector Filter - Merge","hd":false},{"ty":"fl","c":{"a":0,"k":[0.878860294118,0.264075455011,0.292023482977,1],"ix":4},"o":{"a":0,"k":100,"ix":5},"r":1,"bm":0,"nm":"Fill 1","mn":"ADBE Vector Graphic - Fill","hd":false},{"ty":"tr","p":{"a":0,"k":[0,0],"ix":2},"a":{"a":0,"k":[0,0],"ix":1},"s":{"a":0,"k":[100,100],"ix":3},"r":{"a":0,"k":0,"ix":6},"o":{"a":0,"k":100,"ix":7},"sk":{"a":0,"k":0,"ix":4},"sa":{"a":0,"k":0,"ix":5},"nm":"Transform"}],"nm":"4","np":5,"cix":2,"bm":0,"ix":1,"mn":"ADBE Vector Group","hd":false},{"ty":"gr","it":[{"ind":0,"ty":"sh","ix":1,"ks":{"a":0,"k":{"i":[[7.8,22.2],[13.8,16.2],[18.994,9.206],[21.994,0],[18.797,-9.197],[13.8,-16.2],[7.8,-22.2],[0,-26.4],[-7.8,-22.2],[-13.8,-16.2],[-18.806,-9],[-22.406,0],[-19.003,9],[-13.8,16.2],[-7.8,22.2],[0,26.4]],"o":[[-7.8,-22.2],[-13.8,-16.2],[-19.003,-9.197],[-22.406,0],[-18.806,9.206],[-13.8,16.2],[-7.8,22.2],[0,26.4],[7.8,22.2],[13.8,16.2],[18.797,9],[21.994,0],[18.994,-9],[13.8,-16.2],[7.8,-22.2],[0,-26.4]],"v":[[143.1,-244.703],[110.7,-302.303],[61.501,-340.403],[0,-354.203],[-61.8,-340.403],[-110.7,-302.303],[-143.1,-244.703],[-154.8,-171.803],[-143.1,-98.903],[-110.7,-41.303],[-61.8,-3.503],[0,9.997],[61.501,-3.503],[110.7,-41.303],[143.1,-98.903],[154.8,-171.803]],"c":true},"ix":2},"nm":"0","mn":"ADBE Vector Shape - Group","hd":false},{"ind":1,"ty":"sh","ix":2,"ks":{"a":0,"k":{"i":[[3.6,-13.2],[6.6,-9.6],[9,-5.194],[10.8,0],[9,5.203],[6.6,9.6],[3.6,13.2],[0,16.003],[-3.6,13.406],[-6.6,9.6],[-9,5.203],[-11.203,0],[-9,-5.194],[-6.6,-9.6],[-3.6,-13.397],[0,-15.994]],"o":[[-3.6,13.2],[-6.6,9.6],[-9,5.203],[-11.203,0],[-9,-5.194],[-6.6,-9.6],[-3.6,-13.2],[0,-15.994],[3.6,-13.397],[6.6,-9.6],[9,-5.194],[10.8,0],[9,5.203],[6.6,9.6],[3.6,13.406],[0,16.003]],"v":[[68.4,-128.003],[53.1,-93.803],[29.701,-71.603],[0,-63.803],[-30.3,-71.603],[-53.7,-93.803],[-69,-128.003],[-74.4,-171.803],[-69,-215.903],[-53.7,-250.403],[-30.3,-272.603],[0,-280.403],[29.701,-272.603],[53.1,-250.403],[68.4,-215.903],[73.8,-171.803]],"c":true},"ix":2},"nm":"0","mn":"ADBE Vector Shape - Group","hd":false},{"ty":"mm","mm":1,"nm":"Merge Paths 1","mn":"ADBE Vector Filter - Merge","hd":false},{"ty":"fl","c":{"a":0,"k":[0.878860294118,0.264075455011,0.292023482977,1],"ix":4},"o":{"a":0,"k":100,"ix":5},"r":1,"bm":0,"nm":"Fill 1","mn":"ADBE Vector Graphic - Fill","hd":false},{"ty":"tr","p":{"a":0,"k":[0,0],"ix":2},"a":{"a":0,"k":[0,0],"ix":1},"s":{"a":0,"k":[100,100],"ix":3},"r":{"a":0,"k":0,"ix":6},"o":{"a":0,"k":100,"ix":7},"sk":{"a":0,"k":0,"ix":4},"sa":{"a":0,"k":0,"ix":5},"nm":"Transform"}],"nm":"0","np":5,"cix":2,"bm":0,"ix":2,"mn":"ADBE Vector Group","hd":false},{"ty":"gr","it":[{"ind":0,"ty":"sh","ix":1,"ks":{"a":0,"k":{"i":[[0,0],[0,0],[0,0],[0,0],[0,0],[0,0],[0,0],[0,0],[0,0],[0,0],[0,0]],"o":[[0,0],[0,0],[0,0],[0,0],[0,0],[0,0],[0,0],[0,0],[0,0],[0,0],[0,0]],"v":[[355.464,52.765],[355.464,-4.451],[389.256,-4.451],[389.256,-50.531],[355.464,-50.531],[355.464,-215.267],[320.52,-215.267],[191.88,-50.147],[191.88,-4.451],[304.008,-4.451],[304.008,52.765]],"c":true},"ix":2},"nm":"4","mn":"ADBE Vector Shape - Group","hd":false},{"ind":1,"ty":"sh","ix":2,"ks":{"a":0,"k":{"i":[[0,0],[0,0],[0,0]],"o":[[0,0],[0,0],[0,0]],"v":[[309.768,-137.315],[309.768,-50.531],[243.336,-50.531]],"c":true},"ix":2},"nm":"4","mn":"ADBE Vector Shape - Group","hd":false},{"ty":"mm","mm":1,"nm":"Merge Paths 1","mn":"ADBE Vector Filter - Merge","hd":false},{"ty":"fl","c":{"a":0,"k":[0.878860294118,0.264075455011,0.292023482977,1],"ix":4},"o":{"a":0,"k":100,"ix":5},"r":1,"bm":0,"nm":"Fill 1","mn":"ADBE Vector Graphic - Fill","hd":false},{"ty":"tr","p":{"a":0,"k":[0,0],"ix":2},"a":{"a":0,"k":[0,0],"ix":1},"s":{"a":0,"k":[100,100],"ix":3},"r":{"a":0,"k":0,"ix":6},"o":{"a":0,"k":100,"ix":7},"sk":{"a":0,"k":0,"ix":4},"sa":{"a":0,"k":0,"ix":5},"nm":"Transform"}],"nm":"4","np":5,"cix":2,"bm":0,"ix":3,"mn":"ADBE Vector Group","hd":false}],"ip":0,"op":98.0000120492435,"st":0,"bm":0}]}],"fonts":{"list":[{"fName":"Raleway-Medium","fFamily":"Raleway","fStyle":"Medium","ascent":72.9995727539062}]},"layers":[{"ddd":0,"ind":1,"ty":0,"nm":"Comp 2","refId":"comp_0","sr":1,"ks":{"o":{"a":0,"k":100,"ix":11},"r":{"a":0,"k":0,"ix":10},"p":{"a":0,"k":[457,238,0],"ix":2},"a":{"a":0,"k":[640,360,0],"ix":1},"s":{"a":0,"k":[37.604,37.604,100],"ix":6}},"ao":0,"hasMask":true,"masksProperties":[{"inv":false,"mode":"a","pt":{"a":0,"k":{"i":[[269.862,-42.548],[-20.901,-197.998],[-134.091,-18.423],[21.274,56.209]],"o":[[-126.611,1.624],[23.823,225.675],[127.08,17.46],[-21.274,-56.208]],"v":[[675.956,67.479],[419.391,352.386],[633.407,695.797],[903.269,418.867]],"c":true},"ix":1},"o":{"a":0,"k":100,"ix":3},"x":{"a":0,"k":0,"ix":4},"nm":"Mask 1"}],"w":1280,"h":720,"ip":12.0000014754176,"op":98.0000120492435,"st":12.0000014754176,"bm":0},{"ddd":0,"ind":2,"ty":0,"nm":"Pre-comp 1","refId":"comp_2","sr":1,"ks":{"o":{"a":0,"k":100,"ix":11},"r":{"a":0,"k":0,"ix":10},"p":{"a":0,"k":[452,360,0],"ix":2},"a":{"a":0,"k":[452,360,0],"ix":1},"s":{"a":0,"k":[100,100,100],"ix":6}},"ao":0,"w":904,"h":720,"ip":0,"op":95.0000116803892,"st":0,"bm":0},{"ddd":0,"ind":3,"ty":1,"nm":"White Solid 1","sr":1,"ks":{"o":{"a":0,"k":100,"ix":11},"r":{"a":0,"k":0,"ix":10},"p":{"a":0,"k":[452,360,0],"ix":2},"a":{"a":0,"k":[640,360,0],"ix":1},"s":{"a":0,"k":[100,100,100],"ix":6}},"ao":0,"sw":1280,"sh":720,"sc":"#ffffff","ip":0,"op":96.0000118033406,"st":0,"bm":0}],"markers":[],"chars":[{"ch":"W","size":59,"style":"Medium","w":104.9,"data":{"shapes":[{"ty":"gr","it":[{"ind":0,"ty":"sh","ix":1,"ks":{"a":0,"k":{"i":[[0,0],[0,0],[0,0],[0,0],[0,0],[0,0],[0,0],[0,0],[0,0],[0,0],[0,0],[0,0],[0,0],[0,0],[0,0],[0,0],[0,0],[0,0]],"o":[[0,0],[0,0],[0,0],[0,0],[0,0],[0,0],[0,0],[0,0],[0,0],[0,0],[0,0],[0,0],[0,0],[0,0],[0,0],[0,0],[0,0],[0,0]],"v":[[46.8,-39.7],[34.7,-10.4],[10.6,-71],[0.9,-71],[30.5,0],[38.3,0],[52.5,-33.5],[66.6,0],[74.4,0],[104.1,-71],[94.3,-71],[70.3,-10.4],[58.1,-39.7],[70.4,-70.6],[61.9,-70.6],[52.4,-45.9],[43,-70.6],[34.5,-70.6]],"c":true},"ix":2},"nm":"W","mn":"ADBE Vector Shape - Group","hd":false}],"nm":"W","np":3,"cix":2,"bm":0,"ix":1,"mn":"ADBE Vector Group","hd":false}]},"fFamily":"Raleway"},{"ch":"e","size":59,"style":"Medium","w":59.1,"data":{"shapes":[{"ty":"gr","it":[{"ind":0,"ty":"sh","ix":1,"ks":{"a":0,"k":{"i":[[-2.4,0.666],[-1.967,1.167],[-1.5,1.6],[-0.867,1.934],[0,0],[1.033,-1.066],[1.333,-0.733],[1.533,-0.433],[1.6,0],[2.033,0.867],[1.6,1.534],[1,2.134],[0.2,2.6],[0,0],[-0.034,0.6],[0,0.734],[1.233,3.234],[2.266,2.434],[3.233,1.467],[3.933,0],[3.266,-1.433],[2.366,-2.466],[1.3,-3.266],[0,-3.666],[-1.3,-3.3],[-2.334,-2.466],[-3.267,-1.433],[-3.934,0]],"o":[[2.4,-0.666],[1.966,-1.166],[1.5,-1.6],[0,0],[-0.534,1.334],[-1.034,1.067],[-1.334,0.734],[-1.534,0.434],[-2.267,0],[-2.034,-0.866],[-1.6,-1.533],[-1,-2.133],[0,0],[0.066,-0.333],[0.033,-0.6],[0,-3.466],[-1.234,-3.233],[-2.267,-2.433],[-3.234,-1.466],[-3.934,0],[-3.267,1.434],[-2.367,2.467],[-1.3,3.267],[0,3.667],[1.3,3.3],[2.333,2.467],[3.266,1.433],[2.6,0]],"v":[[37.7,0],[44.25,-2.75],[49.45,-6.9],[53,-12.2],[45.4,-14.3],[43.05,-10.7],[39.5,-8],[35.2,-6.25],[30.5,-5.6],[24.05,-6.9],[18.6,-10.5],[14.7,-16],[12.9,-23.1],[56.2,-23.1],[56.35,-24.5],[56.4,-26.5],[54.55,-36.55],[49.3,-45.05],[41.05,-50.9],[30.3,-53.1],[19.5,-50.95],[11.05,-45.1],[5.55,-36.5],[3.6,-26.1],[5.55,-15.65],[11,-7],[19.4,-1.15],[30.2,1]],"c":true},"ix":2},"nm":"e","mn":"ADBE Vector Shape - Group","hd":false},{"ind":1,"ty":"sh","ix":2,"ks":{"a":0,"k":{"i":[[0,0],[-0.967,2.067],[-1.567,1.5],[-2.067,0.834],[-2.334,0],[-2.067,-0.833],[-1.567,-1.466],[-1.034,-2.1],[-0.2,-2.466]],"o":[[0.2,-2.466],[0.966,-2.066],[1.566,-1.5],[2.066,-0.833],[2.333,0],[2.066,0.834],[1.566,1.467],[1.033,2.1],[0,0]],"v":[[12.7,-29.6],[14.45,-36.4],[18.25,-41.75],[23.7,-45.25],[30.3,-46.5],[36.9,-45.25],[42.35,-41.8],[46.25,-36.45],[48.1,-29.6]],"c":true},"ix":2},"nm":"e","mn":"ADBE Vector Shape - Group","hd":false}],"nm":"e","np":5,"cix":2,"bm":0,"ix":1,"mn":"ADBE Vector Group","hd":false}]},"fFamily":"Raleway"},{"ch":" ","size":59,"style":"Medium","w":25.3,"data":{},"fFamily":"Raleway"},{"ch":"s","size":59,"style":"Medium","w":49.4,"data":{"shapes":[{"ty":"gr","it":[{"ind":0,"ty":"sh","ix":1,"ks":{"a":0,"k":{"i":[[-3.734,2.867],[0,4.867],[0.833,1.534],[1.7,1.134],[2.566,0.834],[3.466,0.8],[1.566,0.467],[1,0.6],[0.433,0.8],[0,1.2],[-2.234,1.367],[-3.2,0],[-2.734,-0.966],[-2.2,-1.933],[0,0],[3.4,1.267],[3.933,0],[2.433,-0.7],[1.8,-1.366],[1.033,-2.033],[0,-2.6],[-0.667,-1.4],[-1.467,-1],[-2.267,-0.733],[-3.134,-0.8],[-1.867,-0.533],[-1.2,-0.666],[-0.6,-0.9],[0,-1.266],[2.233,-1.5],[3.8,0],[3.066,1.167],[3.066,2.334],[0,0],[-4.067,-1.3],[-4.2,0]],"o":[[3.733,-2.866],[0,-2.2],[-0.834,-1.533],[-1.7,-1.133],[-2.567,-0.833],[-2.2,-0.533],[-1.567,-0.466],[-1,-0.6],[-0.434,-0.8],[0,-3],[2.233,-1.366],[2.866,0],[2.733,0.967],[0,0],[-2.334,-2.066],[-3.4,-1.266],[-2.8,0],[-2.434,0.7],[-1.8,1.367],[-1.034,2.034],[0,2.067],[0.666,1.4],[1.466,1],[2.266,0.734],[2.466,0.6],[1.866,0.534],[1.2,0.667],[0.6,0.9],[0,2.734],[-2.234,1.5],[-3.4,0],[-3.067,-1.166],[0,0],[2.933,2.467],[4.066,1.3],[6.333,0]],"v":[[40.5,-3.3],[46.1,-14.9],[44.85,-20.5],[41.05,-24.5],[34.65,-27.45],[25.6,-29.9],[19.95,-31.4],[16.1,-33],[13.95,-35.1],[13.3,-38.1],[16.65,-44.65],[24.8,-46.7],[33.2,-45.25],[40.6,-40.9],[44.6,-46.2],[36,-51.2],[25,-53.1],[17.15,-52.05],[10.8,-48.95],[6.55,-43.85],[5,-36.9],[6,-31.7],[9.2,-28.1],[14.8,-25.5],[22.9,-23.2],[29.4,-21.5],[34,-19.7],[36.7,-17.35],[37.6,-14.1],[34.25,-7.75],[25.2,-5.5],[15.5,-7.25],[6.3,-12.5],[2.5,-6.6],[13,-0.95],[25.4,1]],"c":true},"ix":2},"nm":"s","mn":"ADBE Vector Shape - Group","hd":false}],"nm":"s","np":3,"cix":2,"bm":0,"ix":1,"mn":"ADBE Vector Group","hd":false}]},"fFamily":"Raleway"},{"ch":"t","size":59,"style":"Medium","w":35.2,"data":{"shapes":[{"ty":"gr","it":[{"ind":0,"ty":"sh","ix":1,"ks":{"a":0,"k":{"i":[[0,0],[1.433,-0.566],[1.733,0],[1.133,0.867],[0.133,1.934],[0,0],[0,0],[0,0],[0,0],[0,0],[0,0],[0,0],[0,0],[0,0],[0,0],[0,0],[-2.334,-1.766],[-3.2,0],[-1.3,0.233],[-1.1,0.367],[-0.867,0.367],[-0.534,0.267]],"o":[[-0.534,0.334],[-1.434,0.567],[-1.534,0],[-1.134,-0.866],[0,0],[0,0],[0,0],[0,0],[0,0],[0,0],[0,0],[0,0],[0,0],[0,0],[0,0],[0,3.734],[2.333,1.767],[1.4,0],[1.3,-0.234],[1.1,-0.366],[0.866,-0.366],[0,0]],"v":[[32,-9.6],[29.05,-8.25],[24.3,-7.4],[20.3,-8.7],[18.4,-12.9],[18.4,-45.3],[30.1,-45.3],[30.1,-52.2],[18.4,-52.2],[18.4,-69.6],[9.6,-69.6],[9.6,-52.2],[2.5,-52.2],[2.5,-45.3],[9.6,-45.3],[9.6,-10.2],[13.1,-1.95],[21.4,0.7],[25.45,0.35],[29.05,-0.55],[32,-1.65],[34.1,-2.6]],"c":true},"ix":2},"nm":"t","mn":"ADBE Vector Shape - Group","hd":false}],"nm":"t","np":3,"cix":2,"bm":0,"ix":1,"mn":"ADBE Vector Group","hd":false}]},"fFamily":"Raleway"},{"ch":"i","size":59,"style":"Medium","w":23,"data":{"shapes":[{"ty":"gr","it":[{"ind":0,"ty":"sh","ix":1,"ks":{"a":0,"k":{"i":[[0,0],[0,0],[0,0],[0,0]],"o":[[0,0],[0,0],[0,0],[0,0]],"v":[[15.9,0],[15.9,-52.2],[7.1,-52.2],[7.1,0]],"c":true},"ix":2},"nm":"i","mn":"ADBE Vector Shape - Group","hd":false},{"ind":1,"ty":"sh","ix":2,"ks":{"a":0,"k":{"i":[[0,0],[0,0],[0,0],[0,0]],"o":[[0,0],[0,0],[0,0],[0,0]],"v":[[15.9,-62],[15.9,-73],[7.1,-73],[7.1,-62]],"c":true},"ix":2},"nm":"i","mn":"ADBE Vector Shape - Group","hd":false}],"nm":"i","np":5,"cix":2,"bm":0,"ix":1,"mn":"ADBE Vector Group","hd":false}]},"fFamily":"Raleway"},{"ch":"l","size":59,"style":"Medium","w":28.6,"data":{"shapes":[{"ty":"gr","it":[{"ind":0,"ty":"sh","ix":1,"ks":{"a":0,"k":{"i":[[0,0],[-1.967,-1.933],[-3.4,0],[-2,0.4],[-1.467,0.6],[0,0],[1,-0.233],[0.733,0],[1.033,1.1],[0,1.934],[0,0],[0,0]],"o":[[0,3.467],[1.966,1.934],[1.533,0],[2,-0.4],[0,0],[-0.867,0.334],[-1,0.234],[-1.867,0],[-1.034,-1.1],[0,0],[0,0],[0,0]],"v":[[7.3,-10.3],[10.25,-2.2],[18.3,0.7],[23.6,0.1],[28.8,-1.4],[27.4,-8.5],[24.6,-7.65],[22,-7.3],[17.65,-8.95],[16.1,-13.5],[16.1,-73],[7.3,-73]],"c":true},"ix":2},"nm":"l","mn":"ADBE Vector Shape - Group","hd":false}],"nm":"l","np":3,"cix":2,"bm":0,"ix":1,"mn":"ADBE Vector Group","hd":false}]},"fFamily":"Raleway"},{"ch":"h","size":59,"style":"Medium","w":59,"data":{"shapes":[{"ty":"gr","it":[{"ind":0,"ty":"sh","ix":1,"ks":{"a":0,"k":{"i":[[0,0],[0.566,2.7],[1.266,1.934],[2.133,1.134],[3.066,0],[3.533,-2.133],[2.066,-3.8],[0,0],[0,0],[0,0],[0,0],[0,0],[-1.167,1.667],[-1.5,1.2],[-1.734,0.7],[-1.734,0],[-1.867,-2.633],[0,-5.4],[0,0],[0,0]],"o":[[0,-3.066],[-0.567,-2.7],[-1.267,-1.933],[-2.134,-1.133],[-4.2,0],[-3.534,2.134],[0,0],[0,0],[0,0],[0,0],[0,0],[0.6,-2],[1.166,-1.666],[1.5,-1.2],[1.733,-0.7],[3.6,0],[1.866,2.634],[0,0],[0,0],[0,0]],"v":[[52.4,-31.2],[51.55,-39.85],[48.8,-46.8],[43.7,-51.4],[35.9,-53.1],[24.3,-49.9],[15.9,-41],[15.9,-73],[7.1,-73],[7.1,0],[15.9,0],[15.9,-31.5],[18.55,-37],[22.55,-41.3],[27.4,-44.15],[32.6,-45.2],[40.8,-41.25],[43.6,-29.2],[43.6,0],[52.4,0]],"c":true},"ix":2},"nm":"h","mn":"ADBE Vector Shape - Group","hd":false}],"nm":"h","np":3,"cix":2,"bm":0,"ix":1,"mn":"ADBE Vector Group","hd":false}]},"fFamily":"Raleway"},{"ch":"a","size":59,"style":"Medium","w":55.4,"data":{"shapes":[{"ty":"gr","it":[{"ind":0,"ty":"sh","ix":1,"ks":{"a":0,"k":{"i":[[-3.567,1.633],[-2.334,3.134],[0,0],[-1.034,-1.033],[-1.734,0],[-0.6,0.066],[-0.934,0.133],[0,0],[0,2.067],[0,0],[3.833,3.667],[6.866,0],[6.733,-4.533],[0,0],[-5.267,0],[-2.4,-2.433],[0,-4.266],[0,0],[2.6,0.467],[2.533,0],[2.7,-0.8],[1.966,-1.4],[1.066,-1.966],[0,-2.4],[-0.9,-1.966],[-1.567,-1.466],[-2.134,-0.833],[-2.467,0]],"o":[[3.566,-1.633],[0,0],[0.2,1.467],[1.033,1.034],[0.666,0],[0.6,-0.067],[0,0],[-1.867,-0.066],[0,0],[0,-6.666],[-3.834,-3.666],[-6.8,0],[0,0],[5.8,-4.066],[4.4,0],[2.4,2.434],[0,0],[-2,-0.8],[-2.6,-0.466],[-3.2,0],[-2.7,0.8],[-1.967,1.4],[-1.067,1.967],[0,2.334],[0.9,1.967],[1.566,1.467],[2.133,0.833],[4.066,0]],"v":[[31.95,-1.45],[40.8,-8.6],[41,-4.9],[42.85,-1.15],[47,0.4],[48.9,0.3],[51.2,0],[51.2,-7.6],[48.4,-10.8],[48.4,-32.1],[42.65,-47.6],[26.6,-53.1],[6.3,-46.3],[9.2,-40.6],[25.8,-46.7],[36,-43.05],[39.6,-33],[39.6,-28.8],[32.7,-30.7],[25,-31.4],[16.15,-30.2],[9.15,-26.9],[4.6,-21.85],[3,-15.3],[4.35,-8.85],[8.05,-3.7],[13.6,-0.25],[20.5,1]],"c":true},"ix":2},"nm":"a","mn":"ADBE Vector Shape - Group","hd":false},{"ind":1,"ty":"sh","ix":2,"ks":{"a":0,"k":{"i":[[1.4,0.534],[1.033,0.934],[0.566,1.267],[0,1.467],[-2.767,1.867],[-4.4,0],[-4.267,-1.666],[0,0],[1.266,-1.266],[2.7,-1.166],[3.133,0]],"o":[[-1.4,-0.533],[-1.034,-0.933],[-0.567,-1.266],[0,-3],[2.766,-1.866],[4.6,0],[0,0],[0,1.334],[-1.4,1.934],[-2.7,1.167],[-1.6,0]],"v":[[18.3,-6.4],[14.65,-8.6],[12.25,-11.9],[11.4,-16],[15.55,-23.3],[26.3,-26.1],[39.6,-23.6],[39.6,-15.9],[37.7,-12],[31.55,-7.35],[22.8,-5.6]],"c":true},"ix":2},"nm":"a","mn":"ADBE Vector Shape - Group","hd":false}],"nm":"a","np":5,"cix":2,"bm":0,"ix":1,"mn":"ADBE Vector Group","hd":false}]},"fFamily":"Raleway"},{"ch":"v","size":59,"style":"Medium","w":53.8,"data":{"shapes":[{"ty":"gr","it":[{"ind":0,"ty":"sh","ix":1,"ks":{"a":0,"k":{"i":[[0,0],[0,0],[0,0],[0,0],[0,0],[0,0],[0,0]],"o":[[0,0],[0,0],[0,0],[0,0],[0,0],[0,0],[0,0]],"v":[[31.6,0],[52.2,-52.2],[43.8,-52.2],[27.2,-7.7],[10.7,-52.2],[1.6,-52.2],[22.2,0]],"c":true},"ix":2},"nm":"v","mn":"ADBE Vector Shape - Group","hd":false}],"nm":"v","np":3,"cix":2,"bm":0,"ix":1,"mn":"ADBE Vector Group","hd":false}]},"fFamily":"Raleway"},{"ch":"n","size":59,"style":"Medium","w":59,"data":{"shapes":[{"ty":"gr","it":[{"ind":0,"ty":"sh","ix":1,"ks":{"a":0,"k":{"i":[[0,0],[0.5,2.667],[1.2,1.967],[2,1.1],[3,0],[3.9,-2.2],[2.066,-3.666],[0,0],[0,0],[0,0],[0,0],[0,0],[-1.2,1.667],[-1.6,1.2],[-1.8,0.7],[-1.8,0],[-1.7,-2.533],[0,-5.6],[0,0],[0,0]],"o":[[0,-3.133],[-0.5,-2.666],[-1.2,-1.966],[-2,-1.1],[-4.6,0],[-3.9,2.2],[0,0],[0,0],[0,0],[0,0],[0,0],[0.6,-2],[1.2,-1.666],[1.6,-1.2],[1.8,-0.7],[3.466,0],[1.7,2.534],[0,0],[0,0],[0,0]],"v":[[52.4,-31.2],[51.65,-39.9],[49.1,-46.85],[44.3,-51.45],[36.8,-53.1],[24.05,-49.8],[15.1,-41],[15.1,-52.2],[7.1,-52.2],[7.1,0],[15.9,0],[15.9,-31.5],[18.6,-37],[22.8,-41.3],[27.9,-44.15],[33.3,-45.2],[41.05,-41.4],[43.6,-29.2],[43.6,0],[52.4,0]],"c":true},"ix":2},"nm":"n","mn":"ADBE Vector Shape - Group","hd":false}],"nm":"n","np":3,"cix":2,"bm":0,"ix":1,"mn":"ADBE Vector Group","hd":false}]},"fFamily":"Raleway"},{"ch":"’","size":59,"style":"Medium","w":20,"data":{"shapes":[{"ty":"gr","it":[{"ind":0,"ty":"sh","ix":1,"ks":{"a":0,"k":{"i":[[0,0],[0,0],[0,0],[0,0],[0,0],[0,0],[0,0]],"o":[[0,0],[0,0],[0,0],[0,0],[0,0],[0,0],[0,0]],"v":[[11.4,-50.1],[14.4,-61.6],[14.4,-73],[6.1,-73],[6.1,-61.6],[9.1,-61.6],[7.1,-50.1]],"c":true},"ix":2},"nm":"’","mn":"ADBE Vector Shape - Group","hd":false}],"nm":"’","np":3,"cix":2,"bm":0,"ix":1,"mn":"ADBE Vector Group","hd":false}]},"fFamily":"Raleway"},{"ch":"f","size":59,"style":"Medium","w":34.3,"data":{"shapes":[{"ty":"gr","it":[{"ind":0,"ty":"sh","ix":1,"ks":{"a":0,"k":{"i":[[0,0],[0,0],[0,0],[0,0],[0,0],[0,0],[-1.534,2.2],[-2.934,0],[-1.367,-0.4],[-0.934,-0.666],[0,0],[2,0.567],[2.066,0],[2.866,-3.666],[0,-6.466],[0,0],[0,0],[0,0],[0,0],[0,0]],"o":[[0,0],[0,0],[0,0],[0,0],[0,0],[0,-4.2],[1.533,-2.2],[1.333,0],[1.366,0.4],[0,0],[-1.6,-1],[-2,-0.566],[-4.934,0],[-2.867,3.667],[0,0],[0,0],[0,0],[0,0],[0,0],[0,0]],"v":[[18.7,0],[18.7,-45.3],[32.6,-45.3],[32.6,-52.2],[18.7,-52.2],[18.7,-53.6],[21,-63.2],[27.7,-66.5],[31.75,-65.9],[35.2,-64.3],[37.4,-70.8],[32,-73.15],[25.9,-74],[14.2,-68.5],[9.9,-53.3],[9.9,-52.2],[2.8,-52.2],[2.8,-45.3],[9.9,-45.3],[9.9,0]],"c":true},"ix":2},"nm":"f","mn":"ADBE Vector Shape - Group","hd":false}],"nm":"f","np":3,"cix":2,"bm":0,"ix":1,"mn":"ADBE Vector Group","hd":false}]},"fFamily":"Raleway"},{"ch":"o","size":59,"style":"Medium","w":59.9,"data":{"shapes":[{"ty":"gr","it":[{"ind":0,"ty":"sh","ix":1,"ks":{"a":0,"k":{"i":[[-3.234,1.466],[-2.334,2.467],[-1.267,3.267],[0,3.6],[1.3,3.267],[2.3,2.467],[3.266,1.467],[3.866,0],[3.233,-1.466],[2.3,-2.466],[1.3,-3.266],[0,-3.666],[-1.267,-3.266],[-2.3,-2.466],[-3.234,-1.466],[-3.934,0]],"o":[[3.233,-1.466],[2.333,-2.466],[1.266,-3.266],[0,-3.666],[-1.3,-3.266],[-2.3,-2.466],[-3.267,-1.466],[-3.867,0],[-3.234,1.467],[-2.3,2.467],[-1.3,3.267],[0,3.6],[1.266,3.267],[2.3,2.467],[3.233,1.466],[3.933,0]],"v":[[40.65,-1.2],[49,-7.1],[54.4,-15.7],[56.3,-26],[54.35,-36.4],[48.95,-45],[40.6,-50.9],[29.9,-53.1],[19.25,-50.9],[10.95,-45],[5.55,-36.4],[3.6,-26],[5.5,-15.7],[10.85,-7.1],[19.15,-1.2],[29.9,1]],"c":true},"ix":2},"nm":"o","mn":"ADBE Vector Shape - Group","hd":false},{"ind":1,"ty":"sh","ix":2,"ks":{"a":0,"k":{"i":[[-0.9,2.367],[-1.567,1.767],[-2.1,1.034],[-2.4,0],[-2.1,-1],[-1.6,-1.766],[-0.9,-2.366],[0,-2.666],[0.9,-2.366],[1.6,-1.766],[2.1,-1],[2.4,0],[2.1,1],[1.566,1.734],[0.9,2.334],[0,2.734]],"o":[[0.9,-2.366],[1.566,-1.766],[2.1,-1.033],[2.4,0],[2.1,1],[1.6,1.767],[0.9,2.367],[0,2.734],[-0.9,2.367],[-1.6,1.767],[-2.1,1],[-2.4,0],[-2.1,-1],[-1.567,-1.733],[-0.9,-2.333],[0,-2.733]],"v":[[13.95,-33.55],[17.65,-39.75],[23.15,-43.95],[29.9,-45.5],[36.65,-44],[42.2,-39.85],[45.95,-33.65],[47.3,-26.1],[45.95,-18.45],[42.2,-12.25],[36.65,-8.1],[29.9,-6.6],[23.15,-8.1],[17.65,-12.2],[13.95,-18.3],[12.6,-25.9]],"c":true},"ix":2},"nm":"o","mn":"ADBE Vector Shape - Group","hd":false}],"nm":"o","np":5,"cix":2,"bm":0,"ix":1,"mn":"ADBE Vector Group","hd":false}]},"fFamily":"Raleway"},{"ch":"u","size":59,"style":"Medium","w":60.1,"data":{"shapes":[{"ty":"gr","it":[{"ind":0,"ty":"sh","ix":1,"ks":{"a":0,"k":{"i":[[-3.8,2.1],[-2.334,3.934],[0,0],[-1.167,-1.033],[-1.734,0],[-0.567,0.033],[-1,0.133],[0,0],[0,2.067],[0,0],[0,0],[0,0],[3.166,-2.3],[3.6,0],[0,10.667],[0,0],[0,0],[0,0],[-2.8,-3.666],[-5.467,0]],"o":[[3.8,-2.1],[0,0],[0.066,1.534],[1.166,1.034],[0.533,0],[0.566,-0.034],[0,0],[-1.867,-0.066],[0,0],[0,0],[0,0],[-1.534,4],[-3.167,2.3],[-7.4,0],[0,0],[0,0],[0,0],[0,7.267],[2.8,3.667],[4.533,0]],"v":[[35.7,-2.15],[44.9,-11.2],[45.1,-5.1],[46.95,-1.25],[51.3,0.3],[52.95,0.25],[55.3,0],[55.3,-7.6],[52.5,-10.8],[52.5,-52.2],[43.7,-52.2],[43.7,-19.5],[36.65,-10.05],[26.5,-6.6],[15.4,-22.6],[15.4,-52.2],[6.6,-52.2],[6.6,-20.9],[10.8,-4.5],[23.2,1]],"c":true},"ix":2},"nm":"u","mn":"ADBE Vector Shape - Group","hd":false}],"nm":"u","np":3,"cix":2,"bm":0,"ix":1,"mn":"ADBE Vector Group","hd":false}]},"fFamily":"Raleway"},{"ch":"d","size":59,"style":"Medium","w":62.9,"data":{"shapes":[{"ty":"gr","it":[{"ind":0,"ty":"sh","ix":1,"ks":{"a":0,"k":{"i":[[-3.434,1.9],[-2.067,3.4],[0,0],[-1.3,-1.166],[-1.734,0],[-0.567,0.066],[-0.934,0.133],[0,0],[0,2.067],[0,0],[0,0],[0,0],[3.3,2.2],[4.2,0],[2.9,-1.433],[2.1,-2.466],[1.166,-3.3],[0,-3.666],[-1.234,-3.266],[-2.2,-2.466],[-3.067,-1.466],[-3.6,0]],"o":[[3.433,-1.9],[0,0],[0,1.534],[1.3,1.167],[0.533,0],[0.566,-0.067],[0,0],[-1.867,-0.066],[0,0],[0,0],[0,0],[-1.934,-3.133],[-3.3,-2.2],[-3.467,0],[-2.9,1.434],[-2.1,2.467],[-1.167,3.3],[0,3.6],[1.233,3.267],[2.2,2.467],[3.066,1.466],[3.8,0]],"v":[[39.45,-1.85],[47.7,-9.8],[47.7,-5.4],[49.65,-1.35],[54.2,0.4],[55.85,0.3],[58.1,0],[58.1,-7.6],[55.3,-10.8],[55.3,-73],[46.5,-73],[46.5,-41.8],[38.65,-49.8],[27.4,-53.1],[17.85,-50.95],[10.35,-45.1],[5.45,-36.45],[3.7,-26],[5.55,-15.7],[10.7,-7.1],[18.6,-1.2],[28.6,1]],"c":true},"ix":2},"nm":"d","mn":"ADBE Vector Shape - Group","hd":false},{"ind":1,"ty":"sh","ix":2,"ks":{"a":0,"k":{"i":[[2.166,1.034],[1.6,1.734],[0.933,2.367],[0,2.6],[-0.8,2.367],[-1.5,1.834],[-2.1,1.1],[-2.6,0],[-1.7,-0.633],[-1.5,-1.1],[-1.2,-1.5],[-0.6,-1.666],[0,0],[1.1,-1.433],[1.5,-1.066],[1.7,-0.6],[1.6,0]],"o":[[-2.167,-1.033],[-1.6,-1.733],[-0.934,-2.366],[0,-2.466],[0.8,-2.366],[1.5,-1.833],[2.1,-1.1],[1.666,0],[1.7,0.634],[1.5,1.1],[1.2,1.5],[0,0],[-0.334,1.6],[-1.1,1.434],[-1.5,1.067],[-1.7,0.6],[-2.534,0]],"v":[[23.65,-8.15],[18,-12.3],[14.2,-18.45],[12.8,-25.9],[14,-33.15],[17.45,-39.45],[22.85,-43.85],[29.9,-45.5],[34.95,-44.55],[39.75,-41.95],[43.8,-38.05],[46.5,-33.3],[46.5,-18.3],[44.35,-13.75],[40.45,-10],[35.65,-7.5],[30.7,-6.6]],"c":true},"ix":2},"nm":"d","mn":"ADBE Vector Shape - Group","hd":false}],"nm":"d","np":5,"cix":2,"bm":0,"ix":1,"mn":"ADBE Vector Group","hd":false}]},"fFamily":"Raleway"},{"ch":"w","size":59,"style":"Medium","w":82.1,"data":{"shapes":[{"ty":"gr","it":[{"ind":0,"ty":"sh","ix":1,"ks":{"a":0,"k":{"i":[[0,0],[0,0],[0,0],[0,0],[0,0],[0,0],[0,0],[0,0],[0,0],[0,0],[0,0],[0,0],[0,0],[0,0],[0,0],[0,0],[0,0],[0,0]],"o":[[0,0],[0,0],[0,0],[0,0],[0,0],[0,0],[0,0],[0,0],[0,0],[0,0],[0,0],[0,0],[0,0],[0,0],[0,0],[0,0],[0,0],[0,0]],"v":[[54.6,-8.7],[45.8,-30.4],[54.7,-52.1],[47.4,-52.1],[41,-35.4],[34.6,-52.1],[27.3,-52.1],[36.3,-30.4],[27.5,-8.7],[9.5,-52.2],[1.1,-52.2],[23.3,0],[30.6,0],[41,-25.5],[51.5,0],[58.8,0],[81,-52.2],[72.5,-52.2]],"c":true},"ix":2},"nm":"w","mn":"ADBE Vector Shape - Group","hd":false}],"nm":"w","np":3,"cix":2,"bm":0,"ix":1,"mn":"ADBE Vector Group","hd":false}]},"fFamily":"Raleway"},{"ch":"y","size":59,"style":"Medium","w":54.5,"data":{"shapes":[{"ty":"gr","it":[{"ind":0,"ty":"sh","ix":1,"ks":{"a":0,"k":{"i":[[0,0],[-0.634,-0.067],[-0.6,0],[-2.167,1.766],[-0.934,2.333],[0,0],[0,0],[0,0],[0,0],[0,0],[0,0],[0.8,-1.9],[0.633,-1.067],[0.633,-0.367],[0.8,0],[0.866,0.066],[0.866,0.133]],"o":[[0.933,0.2],[0.633,0.066],[3.8,0],[2.166,-1.767],[0,0],[0,0],[0,0],[0,0],[0,0],[0,0],[-1.2,3.066],[-0.8,1.9],[-0.634,1.066],[-0.634,0.366],[-0.467,0],[-0.867,-0.067],[0,0]],"v":[[9.5,22],[11.85,22.4],[13.7,22.5],[22.65,19.85],[27.3,13.7],[52.7,-52.2],[44.3,-52.2],[28.1,-7.9],[10.3,-52.2],[1.2,-52.2],[23.3,0],[20.3,7.45],[18.15,11.9],[16.25,14.05],[14.1,14.6],[12.1,14.5],[9.5,14.2]],"c":true},"ix":2},"nm":"y","mn":"ADBE Vector Shape - Group","hd":false}],"nm":"y","np":3,"cix":2,"bm":0,"ix":1,"mn":"ADBE Vector Group","hd":false}]},"fFamily":"Raleway"},{"ch":"r","size":59,"style":"Medium","w":36.3,"data":{"shapes":[{"ty":"gr","it":[{"ind":0,"ty":"sh","ix":1,"ks":{"a":0,"k":{"i":[[0,0],[0.466,0],[0.666,0],[2.933,-2.233],[1.8,-3.6],[0,0],[0,0],[0,0],[0,0],[0,0],[-3.367,2.134],[-4.4,0.134]],"o":[[-0.334,-0.066],[-0.467,0],[-3.334,0.267],[-2.934,2.234],[0,0],[0,0],[0,0],[0,0],[0,0],[1.4,-3.8],[3.366,-2.133],[0,0]],"v":[[34.7,-52.5],[33.5,-52.6],[31.8,-52.6],[22.4,-48.85],[15.3,-40.1],[15.3,-52.2],[7.1,-52.2],[7.1,0],[15.9,0],[15.9,-32.2],[23.05,-41.1],[34.7,-44.5]],"c":true},"ix":2},"nm":"r","mn":"ADBE Vector Shape - Group","hd":false}],"nm":"r","np":3,"cix":2,"bm":0,"ix":1,"mn":"ADBE Vector Group","hd":false}]},"fFamily":"Raleway"},{"ch":"k","size":59,"style":"Medium","w":53.9,"data":{"shapes":[{"ty":"gr","it":[{"ind":0,"ty":"sh","ix":1,"ks":{"a":0,"k":{"i":[[0,0],[0,0],[0,0],[0,0],[0,0],[0,0],[0,0],[0,0],[0,0],[0,0],[0,0],[0,0]],"o":[[0,0],[0,0],[0,0],[0,0],[0,0],[0,0],[0,0],[0,0],[0,0],[0,0],[0,0],[0,0]],"v":[[53.4,0],[31.6,-30.5],[52.4,-52.1],[42.7,-52.1],[15.9,-25],[15.9,-73],[7.1,-73],[7.1,0],[15.9,0],[15.9,-16.1],[25.9,-25.5],[43.9,0]],"c":true},"ix":2},"nm":"k","mn":"ADBE Vector Shape - Group","hd":false}],"nm":"k","np":3,"cix":2,"bm":0,"ix":1,"mn":"ADBE Vector Group","hd":false}]},"fFamily":"Raleway"},{"ch":"g","size":59,"style":"Medium","w":62.4,"data":{"shapes":[{"ty":"gr","it":[{"ind":0,"ty":"sh","ix":1,"ks":{"a":0,"k":{"i":[[-1.8,0.466],[-1.6,0.9],[-1.367,1.3],[-1,1.6],[0,0],[0.966,-2],[1.6,-1.334],[2.166,-0.667],[2.4,0],[3.266,1.533],[2.066,3.066],[0,0],[-3.7,-2.034],[-5.934,0],[-3.234,1],[-2.4,1.933],[-1.4,2.833],[0,3.733],[0,0],[0,0],[0,0],[3.2,2.134],[4.4,0],[2.966,-1.433],[2.133,-2.466],[1.166,-3.3],[0,-3.666],[-1.167,-3.2],[-2.134,-2.466],[-2.967,-1.466],[-3.534,0]],"o":[[1.8,-0.466],[1.6,-0.9],[1.366,-1.3],[0,0],[0,2.733],[-0.967,2],[-1.6,1.333],[-2.167,0.666],[-3.8,0],[-3.267,-1.534],[0,0],[2.466,3.6],[3.7,2.033],[3.666,0],[3.233,-1],[2.4,-1.934],[1.4,-2.834],[0,0],[0,0],[0,0],[-2.2,-3.266],[-3.2,-2.133],[-3.6,0],[-2.967,1.434],[-2.134,2.467],[-1.167,3.3],[0,3.467],[1.166,3.2],[2.133,2.467],[2.966,1.467],[1.866,0]],"v":[[33.4,-0.1],[38.5,-2.15],[42.95,-5.45],[46.5,-9.8],[46.5,-0.6],[45.05,6.5],[41.2,11.5],[35.55,14.5],[28.7,15.5],[18.1,13.2],[10.1,6.3],[5,10.8],[14.25,19.25],[28.7,22.3],[39.05,20.8],[47.5,16.4],[53.2,9.25],[55.3,-0.6],[55.3,-52.2],[47.5,-52.2],[47.5,-41.8],[39.4,-49.9],[28,-53.1],[18.15,-50.95],[10.5,-45.1],[5.55,-36.45],[3.8,-26],[5.55,-16],[10.5,-7.5],[18.15,-1.6],[27.9,0.6]],"c":true},"ix":2},"nm":"g","mn":"ADBE Vector Shape - Group","hd":false},{"ind":1,"ty":"sh","ix":2,"ks":{"a":0,"k":{"i":[[2.166,1.034],[1.6,1.734],[0.933,2.334],[0,2.6],[-0.8,2.367],[-1.467,1.867],[-2.1,1.134],[-2.667,0],[-1.7,-0.6],[-1.467,-1.1],[-1.167,-1.466],[-0.734,-1.8],[0,0],[1,-1.4],[1.466,-1.1],[1.733,-0.666],[1.866,0]],"o":[[-2.167,-1.033],[-1.6,-1.733],[-0.934,-2.333],[0,-2.4],[0.8,-2.366],[1.466,-1.866],[2.1,-1.133],[1.733,0],[1.7,0.6],[1.466,1.1],[1.166,1.467],[0,0],[-0.334,1.467],[-1,1.4],[-1.467,1.1],[-1.734,0.667],[-2.534,0]],"v":[[23.55,-8.15],[17.9,-12.3],[14.1,-18.4],[12.7,-25.8],[13.9,-32.95],[17.3,-39.3],[22.65,-43.8],[29.8,-45.5],[34.95,-44.6],[39.7,-42.05],[43.65,-38.2],[46.5,-33.3],[46.5,-18.3],[44.5,-14],[40.8,-10.25],[36,-7.6],[30.6,-6.6]],"c":true},"ix":2},"nm":"g","mn":"ADBE Vector Shape - Group","hd":false}],"nm":"g","np":5,"cix":2,"bm":0,"ix":1,"mn":"ADBE Vector Group","hd":false}]},"fFamily":"Raleway"}]}