{"v":"5.1.8","fr":25,"ip":0,"op":100,"w":90,"h":90,"nm":"合成 1","ddd":0,"assets":[],"layers":[{"ddd":0,"ind":1,"ty":4,"nm":"2","sr":1,"ks":{"o":{"a":1,"k":[{"i":{"x":[0.833],"y":[0.833]},"o":{"x":[0.167],"y":[0.167]},"n":["0p833_0p833_0p167_0p167"],"t":0,"s":[100],"e":[0]},{"i":{"x":[0.833],"y":[0.833]},"o":{"x":[0.167],"y":[0.167]},"n":["0p833_0p833_0p167_0p167"],"t":12.5,"s":[0],"e":[100]},{"i":{"x":[0.833],"y":[0.833]},"o":{"x":[0.167],"y":[0.167]},"n":["0p833_0p833_0p167_0p167"],"t":25,"s":[100],"e":[0]},{"i":{"x":[0.833],"y":[0.833]},"o":{"x":[0.167],"y":[0.167]},"n":["0p833_0p833_0p167_0p167"],"t":37.5,"s":[0],"e":[100]},{"i":{"x":[0.833],"y":[0.833]},"o":{"x":[0.167],"y":[0.167]},"n":["0p833_0p833_0p167_0p167"],"t":50,"s":[100],"e":[0]},{"i":{"x":[0.833],"y":[0.833]},"o":{"x":[0.167],"y":[0.167]},"n":["0p833_0p833_0p167_0p167"],"t":62.5,"s":[0],"e":[100]},{"i":{"x":[0.833],"y":[0.833]},"o":{"x":[0.167],"y":[0.167]},"n":["0p833_0p833_0p167_0p167"],"t":75,"s":[100],"e":[0]},{"i":{"x":[0.833],"y":[0.833]},"o":{"x":[0.167],"y":[0.167]},"n":["0p833_0p833_0p167_0p167"],"t":87.5,"s":[0],"e":[100]},{"t":100}],"ix":11},"r":{"a":0,"k":0,"ix":10},"p":{"a":0,"k":[45,45,0],"ix":2},"a":{"a":0,"k":[45,45,0],"ix":1},"s":{"a":0,"k":[100,100,100],"ix":6}},"ao":0,"shapes":[{"ty":"gr","it":[{"ind":0,"ty":"sh","ix":1,"ks":{"a":0,"k":{"i":[[-0.176,-0.168],[0,-0.256],[0.184,-0.168],[0.264,0],[0.192,0.176],[0,0.264],[-0.176,0.168],[-0.256,0]],"o":[[0.176,0.176],[0,0.272],[-0.176,0.168],[-0.248,0],[-0.176,-0.168],[0,-0.264],[0.184,-0.168],[0.272,0]],"v":[[0.666,-0.654],[0.93,-0.006],[0.654,0.654],[-0.006,0.906],[-0.666,0.642],[-0.93,-0.006],[-0.666,-0.654],[-0.006,-0.906]],"c":true},"ix":2},"nm":"路径 1","mn":"ADBE Vector Shape - Group","hd":false},{"ty":"fl","c":{"a":0,"k":[1,0.255000005984,0.176000004189,1],"ix":4},"o":{"a":0,"k":100,"ix":5},"r":1,"nm":"填充 1","mn":"ADBE Vector Graphic - Fill","hd":false},{"ty":"tr","p":{"a":0,"k":[72.545,73.985],"ix":2},"a":{"a":0,"k":[0,0],"ix":1},"s":{"a":0,"k":[100,100],"ix":3},"r":{"a":0,"k":0,"ix":6},"o":{"a":0,"k":100,"ix":7},"sk":{"a":0,"k":0,"ix":4},"sa":{"a":0,"k":0,"ix":5},"nm":"变换"}],"nm":"组 1","np":2,"cix":2,"ix":1,"mn":"ADBE Vector Group","hd":false},{"ty":"gr","it":[{"ind":0,"ty":"sh","ix":1,"ks":{"a":0,"k":{"i":[[-0.176,-0.168],[0,-0.256],[0.184,-0.168],[0.264,0],[0.192,0.176],[0,0.264],[-0.176,0.168],[-0.256,0]],"o":[[0.176,0.176],[0,0.272],[-0.176,0.168],[-0.248,0],[-0.176,-0.168],[0,-0.264],[0.184,-0.168],[0.272,0]],"v":[[0.666,-0.654],[0.93,-0.006],[0.654,0.654],[-0.006,0.906],[-0.666,0.642],[-0.93,-0.006],[-0.666,-0.654],[-0.006,-0.906]],"c":true},"ix":2},"nm":"路径 1","mn":"ADBE Vector Shape - Group","hd":false},{"ty":"fl","c":{"a":0,"k":[1,0.255000005984,0.176000004189,1],"ix":4},"o":{"a":0,"k":100,"ix":5},"r":1,"nm":"填充 1","mn":"ADBE Vector Graphic - Fill","hd":false},{"ty":"tr","p":{"a":0,"k":[69.245,73.985],"ix":2},"a":{"a":0,"k":[0,0],"ix":1},"s":{"a":0,"k":[100,100],"ix":3},"r":{"a":0,"k":0,"ix":6},"o":{"a":0,"k":100,"ix":7},"sk":{"a":0,"k":0,"ix":4},"sa":{"a":0,"k":0,"ix":5},"nm":"变换"}],"nm":"组 2","np":2,"cix":2,"ix":2,"mn":"ADBE Vector Group","hd":false},{"ty":"gr","it":[{"ind":0,"ty":"sh","ix":1,"ks":{"a":0,"k":{"i":[[-0.176,-0.168],[0,-0.256],[0.184,-0.168],[0.264,0],[0.192,0.176],[0,0.264],[-0.176,0.168],[-0.256,0]],"o":[[0.176,0.176],[0,0.272],[-0.176,0.168],[-0.248,0],[-0.176,-0.168],[0,-0.264],[0.184,-0.168],[0.272,0]],"v":[[0.666,-0.654],[0.93,-0.006],[0.654,0.654],[-0.006,0.906],[-0.666,0.642],[-0.93,-0.006],[-0.666,-0.654],[-0.006,-0.906]],"c":true},"ix":2},"nm":"路径 1","mn":"ADBE Vector Shape - Group","hd":false},{"ty":"fl","c":{"a":0,"k":[1,0.255000005984,0.176000004189,1],"ix":4},"o":{"a":0,"k":100,"ix":5},"r":1,"nm":"填充 1","mn":"ADBE Vector Graphic - Fill","hd":false},{"ty":"tr","p":{"a":0,"k":[65.944,73.985],"ix":2},"a":{"a":0,"k":[0,0],"ix":1},"s":{"a":0,"k":[100,100],"ix":3},"r":{"a":0,"k":0,"ix":6},"o":{"a":0,"k":100,"ix":7},"sk":{"a":0,"k":0,"ix":4},"sa":{"a":0,"k":0,"ix":5},"nm":"变换"}],"nm":"组 3","np":2,"cix":2,"ix":3,"mn":"ADBE Vector Group","hd":false},{"ty":"gr","it":[{"ind":0,"ty":"sh","ix":1,"ks":{"a":0,"k":{"i":[[0.288,-0.36],[0,-0.648],[-0.224,-0.328],[-0.592,0],[-0.296,0.344],[0,0.608],[0.28,0.368],[0.52,0]],"o":[[-0.288,0.344],[0,0.592],[0.264,0.4],[0.52,0],[0.28,-0.368],[0,-0.624],[-0.288,-0.36],[-0.512,0]],"v":[[-1.176,-2.814],[-1.608,-1.326],[-1.272,0.054],[0.012,0.654],[1.236,0.138],[1.656,-1.326],[1.236,-2.814],[0.024,-3.354]],"c":true},"ix":2},"nm":"路径 1","mn":"ADBE Vector Shape - Group","hd":false},{"ind":1,"ty":"sh","ix":2,"ks":{"a":0,"k":{"i":[[-0.448,-0.616],[0,0],[0,0],[0,0],[1.944,0],[0.464,0.32],[0.12,0.688],[0,0],[-0.224,-0.144],[-0.472,0],[0,1.104],[0,0],[0.768,0],[0.52,0.56],[0,0.952],[-0.52,0.568],[-0.84,0]],"o":[[0,0],[0,0],[0,0],[0,1.96],[-0.864,0],[-0.456,-0.336],[0,0],[0.072,0.344],[0.224,0.136],[1.032,0],[0,0],[-0.456,0.64],[-0.84,0],[-0.52,-0.552],[0,-0.944],[0.52,-0.576],[0.776,0]],"v":[[1.644,-3.534],[1.644,-4.29],[3.012,-4.29],[3.012,1.518],[0.096,4.458],[-1.896,3.978],[-2.76,2.442],[-1.392,2.442],[-0.948,3.174],[0.096,3.378],[1.644,1.722],[1.644,0.81],[-0.192,1.77],[-2.232,0.93],[-3.012,-1.326],[-2.232,-3.594],[-0.192,-4.458]],"c":true},"ix":2},"nm":"路径 2","mn":"ADBE Vector Shape - Group","hd":false},{"ty":"mm","mm":1,"nm":"合并路径 1","mn":"ADBE Vector Filter - Merge","hd":false},{"ty":"fl","c":{"a":0,"k":[1,0.255000005984,0.176000004189,1],"ix":4},"o":{"a":0,"k":100,"ix":5},"r":1,"nm":"填充 1","mn":"ADBE Vector Graphic - Fill","hd":false},{"ty":"tr","p":{"a":0,"k":[60.563,72.977],"ix":2},"a":{"a":0,"k":[0,0],"ix":1},"s":{"a":0,"k":[100,100],"ix":3},"r":{"a":0,"k":0,"ix":6},"o":{"a":0,"k":100,"ix":7},"sk":{"a":0,"k":0,"ix":4},"sa":{"a":0,"k":0,"ix":5},"nm":"变换"}],"nm":"组 4","np":4,"cix":2,"ix":4,"mn":"ADBE Vector Group","hd":false},{"ty":"gr","it":[{"ind":0,"ty":"sh","ix":1,"ks":{"a":0,"k":{"i":[[0,-1.696],[0,0],[0,0],[0,0],[0.936,0],[0.256,-0.24],[0.048,-0.496],[0,0],[0,0],[0,0],[0,0],[0,0],[-0.296,0.144],[-0.376,0]],"o":[[0,0],[0,0],[0,0],[0,-1.016],[-0.336,0],[-0.288,0.264],[0,0],[0,0],[0,0],[0,0],[0,0],[0.248,-0.296],[0.304,-0.152],[1.552,0]],"v":[[2.766,-0.642],[2.766,3.186],[1.398,3.186],[1.398,-0.522],[-0.006,-2.046],[-0.894,-1.686],[-1.398,-0.546],[-1.398,3.186],[-2.766,3.186],[-2.766,-3.018],[-1.398,-3.018],[-1.398,-2.298],[-0.582,-2.958],[0.438,-3.186]],"c":true},"ix":2},"nm":"路径 1","mn":"ADBE Vector Shape - Group","hd":false},{"ty":"fl","c":{"a":0,"k":[1,0.255000005984,0.176000004189,1],"ix":4},"o":{"a":0,"k":100,"ix":5},"r":1,"nm":"填充 1","mn":"ADBE Vector Graphic - Fill","hd":false},{"ty":"tr","p":{"a":0,"k":[53.585,71.705],"ix":2},"a":{"a":0,"k":[0,0],"ix":1},"s":{"a":0,"k":[100,100],"ix":3},"r":{"a":0,"k":0,"ix":6},"o":{"a":0,"k":100,"ix":7},"sk":{"a":0,"k":0,"ix":4},"sa":{"a":0,"k":0,"ix":5},"nm":"变换"}],"nm":"组 5","np":2,"cix":2,"ix":5,"mn":"ADBE Vector Group","hd":false},{"ty":"gr","it":[{"ind":0,"ty":"sh","ix":1,"ks":{"a":0,"k":{"i":[[0,0],[0,0],[0,0],[0,0]],"o":[[0,0],[0,0],[0,0],[0,0]],"v":[[-0.69,-1.836],[0.678,-1.836],[0.678,4.368],[-0.69,4.368]],"c":true},"ix":2},"nm":"路径 1","mn":"ADBE Vector Shape - Group","hd":false},{"ind":1,"ty":"sh","ix":2,"ks":{"a":0,"k":{"i":[[-0.176,-0.168],[0,-0.256],[0.184,-0.169],[0.264,0],[0.184,0.168],[0,0.264],[-0.176,0.168],[-0.256,0]],"o":[[0.176,0.176],[0,0.272],[-0.176,0.168],[-0.256,0],[-0.176,-0.176],[0,-0.264],[0.184,-0.168],[0.272,0]],"v":[[0.666,-4.116],[0.93,-3.468],[0.654,-2.808],[-0.006,-2.556],[-0.666,-2.808],[-0.93,-3.468],[-0.666,-4.116],[-0.006,-4.368]],"c":true},"ix":2},"nm":"路径 2","mn":"ADBE Vector Shape - Group","hd":false},{"ty":"mm","mm":1,"nm":"合并路径 1","mn":"ADBE Vector Filter - Merge","hd":false},{"ty":"fl","c":{"a":0,"k":[1,0.255000005984,0.176000004189,1],"ix":4},"o":{"a":0,"k":100,"ix":5},"r":1,"nm":"填充 1","mn":"ADBE Vector Graphic - Fill","hd":false},{"ty":"tr","p":{"a":0,"k":[48.449,70.523],"ix":2},"a":{"a":0,"k":[0,0],"ix":1},"s":{"a":0,"k":[100,100],"ix":3},"r":{"a":0,"k":0,"ix":6},"o":{"a":0,"k":100,"ix":7},"sk":{"a":0,"k":0,"ix":4},"sa":{"a":0,"k":0,"ix":5},"nm":"变换"}],"nm":"组 6","np":4,"cix":2,"ix":6,"mn":"ADBE Vector Group","hd":false},{"ty":"gr","it":[{"ind":0,"ty":"sh","ix":1,"ks":{"a":0,"k":{"i":[[0.288,-0.408],[0,-0.672],[-0.232,-0.352],[-0.608,0],[-0.288,0.424],[0,0.6],[0,0],[0.32,0.392],[0.44,0]],"o":[[-0.248,0.344],[0,0.68],[0.28,0.432],[0.536,0],[0.256,-0.392],[0,0],[0,-0.656],[-0.288,-0.36],[-0.616,0]],"v":[[-1.236,-0.372],[-1.608,1.152],[-1.26,2.7],[0.072,3.348],[1.308,2.712],[1.692,1.224],[1.692,1.128],[1.212,-0.444],[0.12,-0.984]],"c":true},"ix":2},"nm":"路径 1","mn":"ADBE Vector Shape - Group","hd":false},{"ind":1,"ty":"sh","ix":2,"ks":{"a":0,"k":{"i":[[0,0],[0,0],[0,0],[0,0],[0,0],[0.816,0],[0.52,0.648],[0,0.952],[-0.472,0.592],[-0.896,0],[-0.512,-0.68]],"o":[[0,0],[0,0],[0,0],[0,0],[-0.432,0.552],[-0.92,0],[-0.48,-0.6],[0,-0.92],[0.504,-0.648],[0.72,0],[0,0]],"v":[[1.644,-4.452],[3.012,-4.452],[3.012,4.284],[1.74,4.284],[1.74,3.624],[-0.132,4.452],[-2.292,3.48],[-3.012,1.152],[-2.304,-1.116],[-0.204,-2.088],[1.644,-1.068]],"c":true},"ix":2},"nm":"路径 2","mn":"ADBE Vector Shape - Group","hd":false},{"ty":"mm","mm":1,"nm":"合并路径 1","mn":"ADBE Vector Filter - Merge","hd":false},{"ty":"fl","c":{"a":0,"k":[1,0.255000005984,0.176000004189,1],"ix":4},"o":{"a":0,"k":100,"ix":5},"r":1,"nm":"填充 1","mn":"ADBE Vector Graphic - Fill","hd":false},{"ty":"tr","p":{"a":0,"k":[43.067,70.607],"ix":2},"a":{"a":0,"k":[0,0],"ix":1},"s":{"a":0,"k":[100,100],"ix":3},"r":{"a":0,"k":0,"ix":6},"o":{"a":0,"k":100,"ix":7},"sk":{"a":0,"k":0,"ix":4},"sa":{"a":0,"k":0,"ix":5},"nm":"变换"}],"nm":"组 7","np":4,"cix":2,"ix":7,"mn":"ADBE Vector Group","hd":false},{"ty":"gr","it":[{"ind":0,"ty":"sh","ix":1,"ks":{"a":0,"k":{"i":[[0,0],[0,0],[0,-0.768],[-0.168,-0.16],[-0.328,0],[-0.352,0.304],[0,0.52]],"o":[[0,0],[-1.088,0],[0,0.216],[0.176,0.152],[0.568,0],[0.336,-0.312],[0,0]],"v":[[1.464,0.234],[0.204,0.246],[-1.428,1.398],[-1.176,1.962],[-0.42,2.19],[0.96,1.734],[1.464,0.486]],"c":true},"ix":2},"nm":"路径 1","mn":"ADBE Vector Shape - Group","hd":false},{"ind":1,"ty":"sh","ix":2,"ks":{"a":0,"k":{"i":[[-0.432,-0.456],[0,-0.76],[0,0],[0,0],[0,0],[0.36,-0.168],[0.512,0],[0.376,0.328],[0,0.56],[-0.608,0.384],[-0.84,0],[0,0],[0,0],[0.888,0],[0.232,-0.152],[0.048,-0.344],[0,0],[-0.536,0.344],[-0.832,0]],"o":[[0.384,0.392],[0,0],[0,0],[0,0],[-0.24,0.312],[-0.416,0.176],[-0.64,0],[-0.384,-0.336],[0,-0.776],[0.512,-0.328],[0,0],[0,0],[0,-0.808],[-0.408,0],[-0.264,0.168],[0,0],[0.096,-0.752],[0.456,-0.304],[0.92,0]],"v":[[2.256,-2.586],[2.832,-0.858],[2.832,3.102],[1.56,3.102],[1.56,2.286],[0.66,3.006],[-0.732,3.27],[-2.256,2.778],[-2.832,1.434],[-1.92,-0.306],[0.108,-0.798],[1.464,-0.81],[1.464,-0.954],[0.132,-2.166],[-0.828,-1.938],[-1.296,-1.17],[-2.652,-1.17],[-1.704,-2.814],[0.228,-3.27]],"c":true},"ix":2},"nm":"路径 2","mn":"ADBE Vector Shape - Group","hd":false},{"ty":"mm","mm":1,"nm":"合并路径 1","mn":"ADBE Vector Filter - Merge","hd":false},{"ty":"fl","c":{"a":0,"k":[1,0.255000005984,0.176000004189,1],"ix":4},"o":{"a":0,"k":100,"ix":5},"r":1,"nm":"填充 1","mn":"ADBE Vector Graphic - Fill","hd":false},{"ty":"tr","p":{"a":0,"k":[36.023,71.788],"ix":2},"a":{"a":0,"k":[0,0],"ix":1},"s":{"a":0,"k":[100,100],"ix":3},"r":{"a":0,"k":0,"ix":6},"o":{"a":0,"k":100,"ix":7},"sk":{"a":0,"k":0,"ix":4},"sa":{"a":0,"k":0,"ix":5},"nm":"变换"}],"nm":"组 8","np":4,"cix":2,"ix":8,"mn":"ADBE Vector Group","hd":false},{"ty":"gr","it":[{"ind":0,"ty":"sh","ix":1,"ks":{"a":0,"k":{"i":[[0.304,-0.448],[0,-0.608],[-0.264,-0.384],[-0.568,0],[-0.312,0.448],[0,0.576],[0.272,0.392],[0.576,0]],"o":[[-0.264,0.384],[0,0.6],[0.312,0.448],[0.568,0],[0.272,-0.408],[0,-0.6],[-0.304,-0.448],[-0.576,0]],"v":[[-1.32,-1.482],[-1.716,0.006],[-1.32,1.482],[0,2.154],[1.32,1.482],[1.728,0.006],[1.32,-1.482],[0,-2.154]],"c":true},"ix":2},"nm":"路径 1","mn":"ADBE Vector Shape - Group","hd":false},{"ind":1,"ty":"sh","ix":2,"ks":{"a":0,"k":{"i":[[-0.568,-0.616],[0,-0.952],[0.56,-0.608],[0.944,0],[0.576,0.624],[0,0.96],[-0.568,0.6],[-0.952,0]],"o":[[0.568,0.616],[0,0.944],[-0.576,0.624],[-0.944,0],[-0.56,-0.592],[0,-0.968],[0.56,-0.616],[0.944,0]],"v":[[2.268,-2.346],[3.12,0.006],[2.28,2.334],[0,3.27],[-2.28,2.334],[-3.12,0.006],[-2.268,-2.346],[0,-3.27]],"c":true},"ix":2},"nm":"路径 2","mn":"ADBE Vector Shape - Group","hd":false},{"ty":"mm","mm":1,"nm":"合并路径 1","mn":"ADBE Vector Filter - Merge","hd":false},{"ty":"fl","c":{"a":0,"k":[1,0.255000005984,0.176000004189,1],"ix":4},"o":{"a":0,"k":100,"ix":5},"r":1,"nm":"填充 1","mn":"ADBE Vector Graphic - Fill","hd":false},{"ty":"tr","p":{"a":0,"k":[29.111,71.789],"ix":2},"a":{"a":0,"k":[0,0],"ix":1},"s":{"a":0,"k":[100,100],"ix":3},"r":{"a":0,"k":0,"ix":6},"o":{"a":0,"k":100,"ix":7},"sk":{"a":0,"k":0,"ix":4},"sa":{"a":0,"k":0,"ix":5},"nm":"变换"}],"nm":"组 9","np":4,"cix":2,"ix":9,"mn":"ADBE Vector Group","hd":false},{"ty":"gr","it":[{"ind":0,"ty":"sh","ix":1,"ks":{"a":0,"k":{"i":[[0,0],[0,0],[0,0],[0,0],[0,0],[0,0]],"o":[[0,0],[0,0],[0,0],[0,0],[0,0],[0,0]],"v":[[-3.012,-4.284],[-1.62,-4.284],[-1.62,3.084],[3.012,3.084],[3.012,4.284],[-3.012,4.284]],"c":true},"ix":2},"nm":"路径 1","mn":"ADBE Vector Shape - Group","hd":false},{"ty":"fl","c":{"a":0,"k":[1,0.255000005984,0.176000004189,1],"ix":4},"o":{"a":0,"k":100,"ix":5},"r":1,"nm":"填充 1","mn":"ADBE Vector Graphic - Fill","hd":false},{"ty":"tr","p":{"a":0,"k":[22.259,70.607],"ix":2},"a":{"a":0,"k":[0,0],"ix":1},"s":{"a":0,"k":[100,100],"ix":3},"r":{"a":0,"k":0,"ix":6},"o":{"a":0,"k":100,"ix":7},"sk":{"a":0,"k":0,"ix":4},"sa":{"a":0,"k":0,"ix":5},"nm":"变换"}],"nm":"组 10","np":2,"cix":2,"ix":10,"mn":"ADBE Vector Group","hd":false}],"ip":0,"op":750,"st":0,"bm":0},{"ddd":0,"ind":2,"ty":4,"nm":"4","sr":1,"ks":{"o":{"a":0,"k":100,"ix":11},"r":{"a":1,"k":[{"i":{"x":[0.833],"y":[0.833]},"o":{"x":[0.167],"y":[0.167]},"n":["0p833_0p833_0p167_0p167"],"t":0,"s":[0],"e":[360]},{"i":{"x":[0.833],"y":[0.833]},"o":{"x":[0.167],"y":[0.167]},"n":["0p833_0p833_0p167_0p167"],"t":25,"s":[360],"e":[720]},{"i":{"x":[0.833],"y":[0.833]},"o":{"x":[0.167],"y":[0.167]},"n":["0p833_0p833_0p167_0p167"],"t":50,"s":[720],"e":[1080]},{"i":{"x":[0.833],"y":[0.833]},"o":{"x":[0.167],"y":[0.167]},"n":["0p833_0p833_0p167_0p167"],"t":75,"s":[1080],"e":[1440]},{"t":100}],"ix":10},"p":{"a":0,"k":[44.713,34.963,0],"ix":2},"a":{"a":0,"k":[44.713,34.963,0],"ix":1},"s":{"a":0,"k":[100,100,100],"ix":6}},"ao":0,"shapes":[{"ty":"gr","it":[{"ind":0,"ty":"sh","ix":1,"ks":{"a":0,"k":{"i":[[0,0],[0,0],[0,0]],"o":[[0,0],[0,0],[0,0]],"v":[[0,4],[1.366,-4],[-1.366,-4]],"c":true},"ix":2},"nm":"路径 1","mn":"ADBE Vector Shape - Group","hd":false},{"ty":"fl","c":{"a":0,"k":[1,0.255000005984,0.176000004189,1],"ix":4},"o":{"a":0,"k":100,"ix":5},"r":1,"nm":"填充 1","mn":"ADBE Vector Graphic - Fill","hd":false},{"ty":"tr","p":{"a":0,"k":[44.713,41.213],"ix":2},"a":{"a":0,"k":[0,0],"ix":1},"s":{"a":0,"k":[100,100],"ix":3},"r":{"a":0,"k":0,"ix":6},"o":{"a":0,"k":100,"ix":7},"sk":{"a":0,"k":0,"ix":4},"sa":{"a":0,"k":0,"ix":5},"nm":"变换"}],"nm":"组 12","np":2,"cix":2,"ix":1,"mn":"ADBE Vector Group","hd":false},{"ty":"gr","it":[{"ind":0,"ty":"sh","ix":1,"ks":{"a":0,"k":{"i":[[0,-1.657],[1.657,0],[0,1.657],[-1.657,0]],"o":[[0,1.657],[-1.657,0],[0,-1.657],[1.657,0]],"v":[[3,0],[0,3],[-3,0],[0,-3]],"c":true},"ix":2},"nm":"路径 1","mn":"ADBE Vector Shape - Group","hd":false},{"ty":"st","c":{"a":0,"k":[1,0.255000005984,0.176000004189,1],"ix":3},"o":{"a":0,"k":100,"ix":4},"w":{"a":0,"k":2,"ix":5},"lc":2,"lj":1,"ml":10,"nm":"描边 1","mn":"ADBE Vector Graphic - Stroke","hd":false},{"ty":"tr","p":{"a":0,"k":[44.713,34.963],"ix":2},"a":{"a":0,"k":[0,0],"ix":1},"s":{"a":0,"k":[100,100],"ix":3},"r":{"a":0,"k":0,"ix":6},"o":{"a":0,"k":100,"ix":7},"sk":{"a":0,"k":0,"ix":4},"sa":{"a":0,"k":0,"ix":5},"nm":"变换"}],"nm":"组 13","np":2,"cix":2,"ix":2,"mn":"ADBE Vector Group","hd":false}],"ip":0,"op":750,"st":0,"bm":0},{"ddd":0,"ind":3,"ty":4,"nm":"3","sr":1,"ks":{"o":{"a":0,"k":100,"ix":11},"r":{"a":0,"k":0,"ix":10},"p":{"a":0,"k":[44.5,35.25,0],"ix":2},"a":{"a":0,"k":[44.5,35.25,0],"ix":1},"s":{"a":0,"k":[100,100,100],"ix":6}},"ao":0,"shapes":[{"ty":"gr","it":[{"ind":0,"ty":"sh","ix":1,"ks":{"a":0,"k":{"i":[[0,-11.46],[11.46,0],[0,11.46],[-11.46,0]],"o":[[0,11.46],[-11.46,0],[0,-11.46],[11.46,0]],"v":[[20.75,0],[0,20.75],[-20.75,0],[0,-20.75]],"c":true},"ix":2},"nm":"路径 1","mn":"ADBE Vector Shape - Group","hd":false},{"ty":"st","c":{"a":0,"k":[0.317999985639,0.349000010771,0.447000002394,1],"ix":3},"o":{"a":0,"k":100,"ix":4},"w":{"a":0,"k":3,"ix":5},"lc":2,"lj":1,"ml":10,"nm":"描边 1","mn":"ADBE Vector Graphic - Stroke","hd":false},{"ty":"tr","p":{"a":0,"k":[44.713,34.963],"ix":2},"a":{"a":0,"k":[0,0],"ix":1},"s":{"a":0,"k":[100,100],"ix":3},"r":{"a":0,"k":0,"ix":6},"o":{"a":0,"k":100,"ix":7},"sk":{"a":0,"k":0,"ix":4},"sa":{"a":0,"k":0,"ix":5},"nm":"变换"}],"nm":"组 14","np":2,"cix":2,"ix":1,"mn":"ADBE Vector Group","hd":false}],"ip":0,"op":750,"st":0,"bm":0},{"ddd":0,"ind":4,"ty":4,"nm":"5","sr":1,"ks":{"o":{"a":0,"k":100,"ix":11},"r":{"a":1,"k":[{"i":{"x":[0.833],"y":[0.833]},"o":{"x":[0.167],"y":[0.167]},"n":["0p833_0p833_0p167_0p167"],"t":0,"s":[0],"e":[360]},{"i":{"x":[0.833],"y":[0.833]},"o":{"x":[0.167],"y":[0.167]},"n":["0p833_0p833_0p167_0p167"],"t":16.667,"s":[360],"e":[720]},{"i":{"x":[0.833],"y":[0.833]},"o":{"x":[0.167],"y":[0.167]},"n":["0p833_0p833_0p167_0p167"],"t":33.333,"s":[720],"e":[1080]},{"i":{"x":[0.833],"y":[0.833]},"o":{"x":[0.167],"y":[0.167]},"n":["0p833_0p833_0p167_0p167"],"t":50,"s":[1080],"e":[1440]},{"i":{"x":[0.833],"y":[0.833]},"o":{"x":[0.167],"y":[0.167]},"n":["0p833_0p833_0p167_0p167"],"t":66.667,"s":[1440],"e":[1800]},{"i":{"x":[0.833],"y":[0.833]},"o":{"x":[0.167],"y":[0.167]},"n":["0p833_0p833_0p167_0p167"],"t":83.333,"s":[1800],"e":[2160]},{"t":100}],"ix":10},"p":{"a":0,"k":[44.713,34.963,0],"ix":2},"a":{"a":0,"k":[44.713,34.963,0],"ix":1},"s":{"a":0,"k":[100,100,100],"ix":6}},"ao":0,"shapes":[{"ty":"gr","it":[{"ind":0,"ty":"sh","ix":1,"ks":{"a":0,"k":{"i":[[0,0],[0,0],[0,0]],"o":[[0,0],[0,0],[0,0]],"v":[[7,0],[-7,-1.366],[-7,1.366]],"c":true},"ix":2},"nm":"路径 1","mn":"ADBE Vector Shape - Group","hd":false},{"ty":"fl","c":{"a":0,"k":[1,0.255000005984,0.176000004189,1],"ix":4},"o":{"a":0,"k":100,"ix":5},"r":1,"nm":"填充 1","mn":"ADBE Vector Graphic - Fill","hd":false},{"ty":"tr","p":{"a":0,"k":[54.463,35.213],"ix":2},"a":{"a":0,"k":[0,0],"ix":1},"s":{"a":0,"k":[100,100],"ix":3},"r":{"a":0,"k":0,"ix":6},"o":{"a":0,"k":100,"ix":7},"sk":{"a":0,"k":0,"ix":4},"sa":{"a":0,"k":0,"ix":5},"nm":"变换"}],"nm":"组 11","np":2,"cix":2,"ix":1,"mn":"ADBE Vector Group","hd":false}],"ip":0,"op":750,"st":0,"bm":0}],"markers":[]}