{"v":"5.5.2","fr":60,"ip":0,"op":120,"w":100,"h":100,"nm":"Comp 1","ddd":0,"assets":[],"fonts":{"list":[{"fName":"Helvetica","fFamily":"Helvetica","fStyle":"Regular","ascent":71.8994140625}]},"layers":[{"ddd":0,"ind":1,"ty":3,"nm":"Null 4","sr":1,"ks":{"o":{"a":0,"k":0,"ix":11},"r":{"a":1,"k":[{"i":{"x":[0.833],"y":[0.833]},"o":{"x":[0.167],"y":[0.167]},"t":0,"s":[0]},{"t":119,"s":[360]}],"ix":10},"p":{"a":0,"k":[50,50,0],"ix":2},"a":{"a":0,"k":[50,50,0],"ix":1},"s":{"a":0,"k":[100,100,100],"ix":6}},"ao":0,"ip":0,"op":120,"st":0,"bm":0},{"ddd":0,"ind":2,"ty":5,"nm":"Loading...","sr":1,"ks":{"o":{"a":0,"k":100,"ix":11},"r":{"a":0,"k":0,"ix":10},"p":{"a":1,"k":[{"i":{"x":0.833,"y":0.833},"o":{"x":0.167,"y":0.167},"t":0,"s":[49.25,59.25,0],"to":[-11.229,-1.104,0],"ti":[-10.647,0.165,0]},{"i":{"x":0.833,"y":0.833},"o":{"x":0.167,"y":0.167},"t":60,"s":[49.375,42.875,0],"to":[11.854,-0.184,0],"ti":[10.591,0.017,0]},{"t":119,"s":[49.25,59.25,0]}],"ix":2},"a":{"a":0,"k":[24.081,-2.742,0],"ix":1},"s":{"a":0,"k":[100,100,100],"ix":6}},"ao":0,"t":{"d":{"k":[{"s":{"s":11,"f":"Helvetica","t":"Loading...","j":0,"tr":0,"lh":13.2,"ls":0,"fc":[0,0,0]},"t":0}]},"p":{},"m":{"g":1,"a":{"a":0,"k":[0,0],"ix":2}},"a":[]},"ip":0,"op":120,"st":0,"bm":0},{"ddd":0,"ind":3,"ty":4,"nm":"Shape Layer 6","parent":1,"td":1,"sr":1,"ks":{"o":{"a":0,"k":100,"ix":11},"r":{"a":0,"k":-77.647,"ix":10},"p":{"a":0,"k":[57.326,51.604,0],"ix":2},"a":{"a":0,"k":[28.01,23.76,0],"ix":1},"s":{"a":0,"k":[106.621,106.621,100],"ix":6}},"ao":0,"shapes":[{"ty":"gr","it":[{"d":1,"ty":"el","s":{"a":0,"k":[92.02,92.02],"ix":2},"p":{"a":0,"k":[0,0],"ix":3},"nm":"Ellipse Path 1","mn":"ADBE Vector Shape - Ellipse","hd":false},{"ty":"fl","c":{"a":0,"k":[0.276577830315,0.412618339062,1,1],"ix":4},"o":{"a":0,"k":100,"ix":5},"r":1,"bm":0,"nm":"Fill 1","mn":"ADBE Vector Graphic - Fill","hd":false},{"ty":"tr","p":{"a":0,"k":[28.01,23.76],"ix":2},"a":{"a":0,"k":[0,0],"ix":1},"s":{"a":0,"k":[106.688,106.688],"ix":3},"r":{"a":0,"k":0,"ix":6},"o":{"a":0,"k":100,"ix":7},"sk":{"a":0,"k":0,"ix":4},"sa":{"a":0,"k":0,"ix":5},"nm":"Transform"}],"nm":"Ellipse 1","np":3,"cix":2,"bm":0,"ix":1,"mn":"ADBE Vector Group","hd":false}],"ip":0,"op":120,"st":0,"bm":0},{"ddd":0,"ind":4,"ty":4,"nm":"Shape Layer 5","parent":1,"tt":2,"sr":1,"ks":{"o":{"a":0,"k":100,"ix":11},"r":{"a":0,"k":-77.647,"ix":10},"p":{"a":0,"k":[50,50,0],"ix":2},"a":{"a":0,"k":[28.01,23.76,0],"ix":1},"s":{"a":0,"k":[100,100,100],"ix":6}},"ao":0,"shapes":[{"ty":"gr","it":[{"d":1,"ty":"el","s":{"a":0,"k":[92.02,92.02],"ix":2},"p":{"a":0,"k":[0,0],"ix":3},"nm":"Ellipse Path 1","mn":"ADBE Vector Shape - Ellipse","hd":false},{"ty":"fl","c":{"a":0,"k":[0.032499179244,0.768397688866,0.44955343008,1],"ix":4},"o":{"a":0,"k":100,"ix":5},"r":1,"bm":0,"nm":"Fill 1","mn":"ADBE Vector Graphic - Fill","hd":false},{"ty":"tr","p":{"a":0,"k":[28.01,23.76],"ix":2},"a":{"a":0,"k":[0,0],"ix":1},"s":{"a":0,"k":[106.688,106.688],"ix":3},"r":{"a":0,"k":0,"ix":6},"o":{"a":0,"k":100,"ix":7},"sk":{"a":0,"k":0,"ix":4},"sa":{"a":0,"k":0,"ix":5},"nm":"Transform"}],"nm":"Ellipse 1","np":3,"cix":2,"bm":0,"ix":1,"mn":"ADBE Vector Group","hd":false}],"ip":0,"op":120,"st":0,"bm":0},{"ddd":0,"ind":5,"ty":4,"nm":"Shape Layer 4","parent":1,"td":1,"sr":1,"ks":{"o":{"a":0,"k":100,"ix":11},"r":{"a":0,"k":162.353,"ix":10},"p":{"a":0,"k":[47.726,42.853,0],"ix":2},"a":{"a":0,"k":[28.01,23.76,0],"ix":1},"s":{"a":0,"k":[106.621,106.621,100],"ix":6}},"ao":0,"shapes":[{"ty":"gr","it":[{"d":1,"ty":"el","s":{"a":0,"k":[92.02,92.02],"ix":2},"p":{"a":0,"k":[0,0],"ix":3},"nm":"Ellipse Path 1","mn":"ADBE Vector Shape - Ellipse","hd":false},{"ty":"fl","c":{"a":0,"k":[0.276577830315,0.412618339062,1,1],"ix":4},"o":{"a":0,"k":100,"ix":5},"r":1,"bm":0,"nm":"Fill 1","mn":"ADBE Vector Graphic - Fill","hd":false},{"ty":"tr","p":{"a":0,"k":[28.01,23.76],"ix":2},"a":{"a":0,"k":[0,0],"ix":1},"s":{"a":0,"k":[106.688,106.688],"ix":3},"r":{"a":0,"k":0,"ix":6},"o":{"a":0,"k":100,"ix":7},"sk":{"a":0,"k":0,"ix":4},"sa":{"a":0,"k":0,"ix":5},"nm":"Transform"}],"nm":"Ellipse 1","np":3,"cix":2,"bm":0,"ix":1,"mn":"ADBE Vector Group","hd":false}],"ip":0,"op":120,"st":0,"bm":0},{"ddd":0,"ind":6,"ty":4,"nm":"Shape Layer 3","parent":1,"tt":2,"sr":1,"ks":{"o":{"a":0,"k":100,"ix":11},"r":{"a":0,"k":162.353,"ix":10},"p":{"a":0,"k":[50,50,0],"ix":2},"a":{"a":0,"k":[28.01,23.76,0],"ix":1},"s":{"a":0,"k":[100,100,100],"ix":6}},"ao":0,"shapes":[{"ty":"gr","it":[{"d":1,"ty":"el","s":{"a":0,"k":[92.02,92.02],"ix":2},"p":{"a":0,"k":[0,0],"ix":3},"nm":"Ellipse Path 1","mn":"ADBE Vector Shape - Ellipse","hd":false},{"ty":"fl","c":{"a":0,"k":[0.945327818394,0.114733949304,0.465904116631,1],"ix":4},"o":{"a":0,"k":100,"ix":5},"r":1,"bm":0,"nm":"Fill 1","mn":"ADBE Vector Graphic - Fill","hd":false},{"ty":"tr","p":{"a":0,"k":[28.01,23.76],"ix":2},"a":{"a":0,"k":[0,0],"ix":1},"s":{"a":0,"k":[106.688,106.688],"ix":3},"r":{"a":0,"k":0,"ix":6},"o":{"a":0,"k":100,"ix":7},"sk":{"a":0,"k":0,"ix":4},"sa":{"a":0,"k":0,"ix":5},"nm":"Transform"}],"nm":"Ellipse 1","np":3,"cix":2,"bm":0,"ix":1,"mn":"ADBE Vector Group","hd":false}],"ip":0,"op":120,"st":0,"bm":0},{"ddd":0,"ind":7,"ty":4,"nm":"Shape Layer 2","parent":1,"td":1,"sr":1,"ks":{"o":{"a":0,"k":100,"ix":11},"r":{"a":0,"k":42.353,"ix":10},"p":{"a":0,"k":[44.947,55.543,0],"ix":2},"a":{"a":0,"k":[28.01,23.76,0],"ix":1},"s":{"a":0,"k":[106.621,106.621,100],"ix":6}},"ao":0,"shapes":[{"ty":"gr","it":[{"d":1,"ty":"el","s":{"a":0,"k":[92.02,92.02],"ix":2},"p":{"a":0,"k":[0,0],"ix":3},"nm":"Ellipse Path 1","mn":"ADBE Vector Shape - Ellipse","hd":false},{"ty":"fl","c":{"a":0,"k":[0.276577830315,0.412618339062,1,1],"ix":4},"o":{"a":0,"k":100,"ix":5},"r":1,"bm":0,"nm":"Fill 1","mn":"ADBE Vector Graphic - Fill","hd":false},{"ty":"tr","p":{"a":0,"k":[28.01,23.76],"ix":2},"a":{"a":0,"k":[0,0],"ix":1},"s":{"a":0,"k":[106.688,106.688],"ix":3},"r":{"a":0,"k":0,"ix":6},"o":{"a":0,"k":100,"ix":7},"sk":{"a":0,"k":0,"ix":4},"sa":{"a":0,"k":0,"ix":5},"nm":"Transform"}],"nm":"Ellipse 1","np":3,"cix":2,"bm":0,"ix":1,"mn":"ADBE Vector Group","hd":false}],"ip":0,"op":120,"st":0,"bm":0},{"ddd":0,"ind":8,"ty":4,"nm":"Shape Layer 1","parent":1,"tt":2,"sr":1,"ks":{"o":{"a":0,"k":100,"ix":11},"r":{"a":0,"k":42.353,"ix":10},"p":{"a":0,"k":[50,50,0],"ix":2},"a":{"a":0,"k":[28.01,23.76,0],"ix":1},"s":{"a":0,"k":[100,100,100],"ix":6}},"ao":0,"shapes":[{"ty":"gr","it":[{"d":1,"ty":"el","s":{"a":0,"k":[92.02,92.02],"ix":2},"p":{"a":0,"k":[0,0],"ix":3},"nm":"Ellipse Path 1","mn":"ADBE Vector Shape - Ellipse","hd":false},{"ty":"fl","c":{"a":0,"k":[0.276577830315,0.412618339062,1,1],"ix":4},"o":{"a":0,"k":100,"ix":5},"r":1,"bm":0,"nm":"Fill 1","mn":"ADBE Vector Graphic - Fill","hd":false},{"ty":"tr","p":{"a":0,"k":[28.01,23.76],"ix":2},"a":{"a":0,"k":[0,0],"ix":1},"s":{"a":0,"k":[106.688,106.688],"ix":3},"r":{"a":0,"k":0,"ix":6},"o":{"a":0,"k":100,"ix":7},"sk":{"a":0,"k":0,"ix":4},"sa":{"a":0,"k":0,"ix":5},"nm":"Transform"}],"nm":"Ellipse 1","np":3,"cix":2,"bm":0,"ix":1,"mn":"ADBE Vector Group","hd":false}],"ip":0,"op":120,"st":0,"bm":0}],"markers":[],"chars":[{"ch":"L","size":11,"style":"Regular","w":55.62,"data":{"shapes":[{"ty":"gr","it":[{"ind":0,"ty":"sh","ix":1,"ks":{"a":0,"k":{"i":[[0,0],[0,0],[0,0],[0,0],[0,0],[0,0]],"o":[[0,0],[0,0],[0,0],[0,0],[0,0],[0,0]],"v":[[7.617,0],[53.32,0],[53.32,-8.545],[17.334,-8.545],[17.334,-71.729],[7.617,-71.729]],"c":true},"ix":2},"nm":"L","mn":"ADBE Vector Shape - Group","hd":false}],"nm":"L","np":3,"cix":2,"bm":0,"ix":1,"mn":"ADBE Vector Group","hd":false}]},"fFamily":"Helvetica"},{"ch":"o","size":11,"style":"Regular","w":55.62,"data":{"shapes":[{"ty":"gr","it":[{"ind":0,"ty":"sh","ix":1,"ks":{"a":0,"k":{"i":[[5.761,0],[2.414,3.706],[0,5.56],[-2.414,4.097],[-5.312,0],[-2.446,-4.812],[0,-4.877],[2.141,-4.405]],"o":[[-5.247,0],[-2.414,-3.706],[0,-5.787],[2.414,-4.097],[5.987,0],[1.545,3.056],[0,5.397],[-2.141,4.405]],"v":[[27.026,-5.713],[15.535,-11.272],[11.914,-25.172],[15.535,-39.997],[27.122,-46.143],[39.772,-38.924],[42.09,-27.025],[38.879,-12.321]],"c":true},"ix":2},"nm":"o","mn":"ADBE Vector Shape - Group","hd":false},{"ind":1,"ty":"sh","ix":2,"ks":{"a":0,"k":{"i":[[6.691,0],[4.428,-5.203],[0,-8.781],[-4.202,-4.862],[-7.144,0],[-4.073,5.496],[0,8.424],[4.622,4.488]],"o":[[-7.467,0],[-4.428,5.204],[0,8.196],[4.202,4.862],[8.566,0],[4.073,-5.496],[0,-8.716],[-4.623,-4.488]],"v":[[27.366,-53.809],[9.523,-46.003],[2.881,-25.025],[9.184,-5.437],[26.202,1.855],[45.16,-6.389],[51.27,-27.27],[44.336,-47.076]],"c":true},"ix":2},"nm":"o","mn":"ADBE Vector Shape - Group","hd":false}],"nm":"o","np":5,"cix":2,"bm":0,"ix":1,"mn":"ADBE Vector Group","hd":false}]},"fFamily":"Helvetica"},{"ch":"a","size":11,"style":"Regular","w":55.62,"data":{"shapes":[{"ty":"gr","it":[{"ind":0,"ty":"sh","ix":1,"ks":{"a":0,"k":{"i":[[0,2.533],[-2.718,1.527],[-3.184,0.423],[0,0],[-1.689,0.458],[-1.073,0.686],[0,0],[4.883,-2.373],[3.092,0],[1.855,1.462]],"o":[[0,-3.345],[1.604,-0.909],[0,0],[1.624,-0.195],[1.689,-0.457],[0,0],[0,5.396],[-2.898,1.43],[-2.539,0],[-1.855,-1.462]],"v":[[13.184,-13.897],[17.261,-21.204],[24.443,-23.203],[29.755,-23.885],[34.725,-24.863],[38.867,-26.578],[38.867,-19.509],[31.543,-7.858],[22.559,-5.713],[15.967,-7.905]],"c":true},"ix":2},"nm":"a","mn":"ADBE Vector Shape - Group","hd":false},{"ind":1,"ty":"sh","ix":2,"ks":{"a":0,"k":{"i":[[0,0],[3.027,-2.666],[0,-4.844],[-3.076,-2.942],[-4.851,0],[-3.353,1.724],[-1.791,2.344],[-0.716,-1.139],[-3.027,0],[-0.716,0.098],[-1.367,0.391],[0,0],[0.488,-0.049],[0.391,0],[0.374,0.552],[0,0.912],[0,0],[3.804,2.344],[6.145,0],[4.015,-2.53],[0.163,-6.464],[0,0],[-1.072,1.375],[-4.581,0],[-2.128,-1.356],[0,-3.006],[0.39,-0.784],[2.018,-0.259]],"o":[[-4.916,0.618],[-3.027,2.666],[0,4.422],[3.076,2.942],[4.036,0],[3.352,-1.725],[0.293,2.083],[1.367,2.148],[1.237,0],[0.716,-0.098],[0,0],[-0.554,0.098],[-0.488,0.049],[-1.205,0],[-0.375,-0.552],[0,0],[0,-4.948],[-3.837,-2.344],[-5.299,0],[-4.015,2.53],[0,0],[0.325,-2.715],[1.917,-2.486],[3.963,0],[2.128,1.357],[0,1.471],[-0.684,1.43],[0,0]],"v":[[20.459,-29.893],[8.545,-24.966],[4.004,-13.702],[8.618,-2.656],[20.508,1.758],[31.592,-0.829],[39.307,-6.932],[40.82,-2.099],[47.412,1.123],[50.342,0.977],[53.467,0.244],[53.467,-6.249],[51.904,-6.03],[50.586,-5.957],[48.218,-6.786],[47.656,-8.982],[47.656,-39.111],[41.95,-50.049],[26.978,-53.564],[13.005,-49.77],[6.738,-36.279],[14.941,-36.279],[17.036,-42.413],[26.783,-46.143],[35.919,-44.109],[39.111,-37.565],[38.526,-34.183],[34.473,-31.648]],"c":true},"ix":2},"nm":"a","mn":"ADBE Vector Shape - Group","hd":false}],"nm":"a","np":5,"cix":2,"bm":0,"ix":1,"mn":"ADBE Vector Group","hd":false}]},"fFamily":"Helvetica"},{"ch":"d","size":11,"style":"Regular","w":55.62,"data":{"shapes":[{"ty":"gr","it":[{"ind":0,"ty":"sh","ix":1,"ks":{"a":0,"k":{"i":[[0,5.599],[-2.737,3.386],[-4.405,0],[-2.689,-3.174],[0,-6.608],[2.607,-3.499],[4.048,0],[2.364,3.777]],"o":[[0,-6.575],[2.737,-3.385],[3.951,0],[2.688,3.174],[0,6.543],[-2.608,3.5],[-5.215,0],[-2.364,-3.776]],"v":[[12.012,-25.537],[16.116,-40.479],[26.829,-45.557],[36.788,-40.796],[40.82,-26.123],[36.909,-11.06],[26.926,-5.811],[15.558,-11.475]],"c":true},"ix":2},"nm":"d","mn":"ADBE Vector Shape - Group","hd":false},{"ind":1,"ty":"sh","ix":2,"ks":{"a":0,"k":{"i":[[3.989,0],[3.875,-5.582],[0,-7.617],[-4.248,-4.899],[-5.804,0],[-2.789,1.432],[-2.043,3.223],[0,0],[0,0],[0,0],[0,0],[0,0],[1.556,0.977]],"o":[[-7.199,0],[-3.875,5.583],[0,8.138],[4.248,4.9],[3.6,0],[2.789,-1.432],[0,0],[0,0],[0,0],[0,0],[0,0],[-1.978,-2.441],[-2.692,-1.692]],"v":[[25.157,-53.223],[8.546,-44.849],[2.734,-25.049],[9.106,-5.493],[24.185,1.855],[33.768,-0.293],[41.016,-7.275],[41.016,0],[48.926,0],[48.926,-71.973],[40.479,-71.973],[40.479,-45.557],[35.177,-50.684]],"c":true},"ix":2},"nm":"d","mn":"ADBE Vector Shape - Group","hd":false}],"nm":"d","np":5,"cix":2,"bm":0,"ix":1,"mn":"ADBE Vector Group","hd":false}]},"fFamily":"Helvetica"},{"ch":"i","size":11,"style":"Regular","w":22.22,"data":{"shapes":[{"ty":"gr","it":[{"ind":0,"ty":"sh","ix":1,"ks":{"a":0,"k":{"i":[[0,0],[0,0],[0,0],[0,0]],"o":[[0,0],[0,0],[0,0],[0,0]],"v":[[6.445,0],[15.381,0],[15.381,-52.051],[6.445,-52.051]],"c":true},"ix":2},"nm":"i","mn":"ADBE Vector Shape - Group","hd":false},{"ind":1,"ty":"sh","ix":2,"ks":{"a":0,"k":{"i":[[0,0],[0,0],[0,0],[0,0]],"o":[[0,0],[0,0],[0,0],[0,0]],"v":[[6.445,-61.768],[15.381,-61.768],[15.381,-71.729],[6.445,-71.729]],"c":true},"ix":2},"nm":"i","mn":"ADBE Vector Shape - Group","hd":false}],"nm":"i","np":5,"cix":2,"bm":0,"ix":1,"mn":"ADBE Vector Group","hd":false}]},"fFamily":"Helvetica"},{"ch":"n","size":11,"style":"Regular","w":55.62,"data":{"shapes":[{"ty":"gr","it":[{"ind":0,"ty":"sh","ix":1,"ks":{"a":0,"k":{"i":[[0,0],[0,0],[0,0],[-0.439,1.839],[-1.465,1.726],[-2.409,0.716],[-2.084,0],[-1.562,-3.255],[0,-3.19],[0,0],[0,0],[0,0],[1.432,2.832],[7.422,0],[2.766,-1.334],[2.473,-3.059],[0,0],[0,0]],"o":[[0,0],[0,0],[0,-3.418],[0.439,-1.839],[1.823,-2.148],[1.334,-0.423],[4.102,0],[0.944,1.953],[0,0],[0,0],[0,0],[0,-5.273],[-2.605,-5.176],[-3.386,0],[-2.767,1.335],[0,0],[0,0],[0,0]],"v":[[6.445,0],[15.234,0],[15.234,-27.393],[15.894,-35.278],[18.75,-40.625],[25.098,-44.922],[30.225,-45.557],[38.721,-40.674],[40.137,-32.959],[40.137,0],[49.072,0],[49.072,-33.545],[46.924,-45.703],[31.885,-53.467],[22.656,-51.465],[14.795,-44.873],[14.795,-52.295],[6.445,-52.295]],"c":true},"ix":2},"nm":"n","mn":"ADBE Vector Shape - Group","hd":false}],"nm":"n","np":3,"cix":2,"bm":0,"ix":1,"mn":"ADBE Vector Group","hd":false}]},"fFamily":"Helvetica"},{"ch":"g","size":11,"style":"Regular","w":55.62,"data":{"shapes":[{"ty":"gr","it":[{"ind":0,"ty":"sh","ix":1,"ks":{"a":0,"k":{"i":[[4.086,0],[4.264,-4.915],[0,-8.756],[-4.231,-4.02],[-5.642,0],[-2.464,1.302],[-1.751,2.67],[1.231,-2.8],[6.702,0],[1.974,1.953],[0.42,2.344],[0,0],[-3.828,-2.523],[-5.613,0],[-3.634,7.096],[0,6.641],[0,0],[0,0],[0,0],[1.653,1.14]],"o":[[-6.031,0],[-4.264,4.916],[0,9.277],[4.231,4.021],[4.053,0],[2.464,-1.302],[0.098,7.195],[-2.072,4.752],[-4.241,0],[-1.263,-1.27],[0,0],[0.455,5.371],[3.828,2.522],[10.089,0],[1.946,-3.841],[0,0],[0,0],[0,0],[-1.719,-2.18],[-3.049,-2.018]],"v":[[24.817,-53.223],[9.374,-45.85],[2.979,-25.342],[9.325,-5.396],[24.136,0.635],[33.912,-1.318],[40.234,-7.275],[38.535,7.715],[25.375,14.844],[16.051,11.914],[13.525,6.494],[4.59,6.494],[11.015,18.335],[25.177,22.119],[45.762,11.475],[48.682,-4.248],[48.682,-51.807],[40.576,-51.807],[40.576,-45.215],[35.518,-50.195]],"c":true},"ix":2},"nm":"g","mn":"ADBE Vector Shape - Group","hd":false},{"ind":1,"ty":"sh","ix":2,"ks":{"a":0,"k":{"i":[[0,-6.477],[1.425,-3.223],[6.282,0],[2.38,3.076],[0,5.892],[-1.199,3.093],[-6.154,0],[-2.656,-3.125]],"o":[[0,4.297],[-2.559,5.697],[-4.016,0],[-2.38,-3.076],[0,-5.013],[2.267,-5.794],[4.113,0],[2.655,3.125]],"v":[[40.576,-26.367],[38.438,-15.088],[25.177,-6.543],[15.582,-11.157],[12.012,-24.609],[13.809,-36.768],[26.44,-45.459],[36.593,-40.771]],"c":true},"ix":2},"nm":"g","mn":"ADBE Vector Shape - Group","hd":false}],"nm":"g","np":5,"cix":2,"bm":0,"ix":1,"mn":"ADBE Vector Group","hd":false}]},"fFamily":"Helvetica"},{"ch":".","size":11,"style":"Regular","w":27.78,"data":{"shapes":[{"ty":"gr","it":[{"ind":0,"ty":"sh","ix":1,"ks":{"a":0,"k":{"i":[[0,0],[0,0],[0,0],[0,0]],"o":[[0,0],[0,0],[0,0],[0,0]],"v":[[8.545,0],[18.75,0],[18.75,-10.645],[8.545,-10.645]],"c":true},"ix":2},"nm":".","mn":"ADBE Vector Shape - Group","hd":false}],"nm":".","np":3,"cix":2,"bm":0,"ix":1,"mn":"ADBE Vector Group","hd":false}]},"fFamily":"Helvetica"}]}